xanim,viewmodel_ak47_acog_ads_down
xanim,viewmodel_ak47_acog_ads_up
xanim,viewmodel_ak47_ads_down
xanim,viewmodel_ak47_ads_fire
xanim,viewmodel_ak47_ads_up
xanim,viewmodel_ak47_aimpoint_ads_down
xanim,viewmodel_ak47_aimpoint_ads_up
xanim,viewmodel_ak47_d2p_in
xanim,viewmodel_ak47_d2p_loop
xanim,viewmodel_ak47_d2p_out
xanim,viewmodel_ak47_dualclip_reload
xanim,viewmodel_ak47_dualclip_reload_empty
xanim,viewmodel_ak47_dualclip_reload_empty_quick
xanim,viewmodel_ak47_dualclip_reload_quick
xanim,viewmodel_ak47_elbit_ads_down
xanim,viewmodel_ak47_elbit_ads_up
xanim,viewmodel_ak47_extclip_reload
xanim,viewmodel_ak47_extclip_reload_empty
xanim,viewmodel_ak47_fire
xanim,viewmodel_ak47_first_raise
xanim,viewmodel_ak47_flame_ads_down
xanim,viewmodel_ak47_flame_ads_fire
xanim,viewmodel_ak47_flame_ads_up
xanim,viewmodel_ak47_flame_d2p_in
xanim,viewmodel_ak47_flame_d2p_loop
xanim,viewmodel_ak47_flame_d2p_out
xanim,viewmodel_ak47_flame_fire
xanim,viewmodel_ak47_flame_first_raise
xanim,viewmodel_ak47_flame_from_ft
xanim,viewmodel_ak47_flame_idle
xanim,viewmodel_ak47_flame_pullout
xanim,viewmodel_ak47_flame_pullout_quick
xanim,viewmodel_ak47_flame_putaway
xanim,viewmodel_ak47_flame_putaway_quick
xanim,viewmodel_ak47_flame_reload
xanim,viewmodel_ak47_flame_reload_empty
xanim,viewmodel_ak47_flame_sprint_in
xanim,viewmodel_ak47_flame_sprint_loop
xanim,viewmodel_ak47_flame_sprint_out
xanim,viewmodel_ak47_grenadier_ads_down
xanim,viewmodel_ak47_grenadier_ads_fire
xanim,viewmodel_ak47_grenadier_ads_up
xanim,viewmodel_ak47_grenadier_d2p_in
xanim,viewmodel_ak47_grenadier_d2p_loop
xanim,viewmodel_ak47_grenadier_d2p_out
xanim,viewmodel_ak47_grenadier_fire
xanim,viewmodel_ak47_grenadier_first_raise
xanim,viewmodel_ak47_grenadier_fromgrenade
xanim,viewmodel_ak47_grenadier_idle
xanim,viewmodel_ak47_grenadier_pullout
xanim,viewmodel_ak47_grenadier_pullout_quick
xanim,viewmodel_ak47_grenadier_putaway
xanim,viewmodel_ak47_grenadier_putaway_quick
xanim,viewmodel_ak47_grenadier_reload
xanim,viewmodel_ak47_grenadier_reload_empty
xanim,viewmodel_ak47_grenadier_sprint_in
xanim,viewmodel_ak47_grenadier_sprint_loop
xanim,viewmodel_ak47_grenadier_sprint_out
xanim,viewmodel_ak47_idle
xanim,viewmodel_ak47_ir_ads_down
xanim,viewmodel_ak47_ir_ads_up
xanim,viewmodel_ak47_masterkey_ads_down
xanim,viewmodel_ak47_masterkey_ads_fire
xanim,viewmodel_ak47_masterkey_ads_up
xanim,viewmodel_ak47_masterkey_d2p_in
xanim,viewmodel_ak47_masterkey_d2p_loop
xanim,viewmodel_ak47_masterkey_d2p_out
xanim,viewmodel_ak47_masterkey_fire
xanim,viewmodel_ak47_masterkey_first_raise
xanim,viewmodel_ak47_masterkey_from_mk
xanim,viewmodel_ak47_masterkey_idle
xanim,viewmodel_ak47_masterkey_mk_ads_down
xanim,viewmodel_ak47_masterkey_mk_ads_up
xanim,viewmodel_ak47_masterkey_mk_d2p_in
xanim,viewmodel_ak47_masterkey_mk_d2p_loop
xanim,viewmodel_ak47_masterkey_mk_d2p_out
xanim,viewmodel_ak47_masterkey_mk_fire
xanim,viewmodel_ak47_masterkey_mk_idle
xanim,viewmodel_ak47_masterkey_mk_pullout
xanim,viewmodel_ak47_masterkey_mk_putaway
xanim,viewmodel_ak47_masterkey_mk_rechamber
xanim,viewmodel_ak47_masterkey_mk_reload_in
xanim,viewmodel_ak47_masterkey_mk_reload_loop
xanim,viewmodel_ak47_masterkey_mk_reload_out
xanim,viewmodel_ak47_masterkey_mk_sprint_in
xanim,viewmodel_ak47_masterkey_mk_sprint_loop
xanim,viewmodel_ak47_masterkey_mk_sprint_out
xanim,viewmodel_ak47_masterkey_pullout
xanim,viewmodel_ak47_masterkey_pullout_quick
xanim,viewmodel_ak47_masterkey_putaway
xanim,viewmodel_ak47_masterkey_putaway_quick
xanim,viewmodel_ak47_masterkey_reload
xanim,viewmodel_ak47_masterkey_reload_empty
xanim,viewmodel_ak47_masterkey_sprint_in
xanim,viewmodel_ak47_masterkey_sprint_loop
xanim,viewmodel_ak47_masterkey_sprint_out
xanim,viewmodel_ak47_masterkey_to_mk
xanim,viewmodel_ak47_pullout
xanim,viewmodel_ak47_pullout_quick
xanim,viewmodel_ak47_putaway
xanim,viewmodel_ak47_putaway_quick
xanim,viewmodel_ak47_reload
xanim,viewmodel_ak47_reload_empty
xanim,viewmodel_ak47_sprint_in
xanim,viewmodel_ak47_sprint_loop
xanim,viewmodel_ak47_sprint_out
xanim,viewmodel_ak74u_acog_ads_down
xanim,viewmodel_ak74u_acog_ads_up
xanim,viewmodel_ak74u_ads_down
xanim,viewmodel_ak74u_ads_fire
xanim,viewmodel_ak74u_ads_up
xanim,viewmodel_ak74u_aimpoint_ads_down
xanim,viewmodel_ak74u_aimpoint_ads_up
xanim,viewmodel_ak74u_d2p_in
xanim,viewmodel_ak74u_d2p_loop
xanim,viewmodel_ak74u_d2p_out
xanim,viewmodel_ak74u_dualclip_grip_reload
xanim,viewmodel_ak74u_dualclip_grip_reload_empty
xanim,viewmodel_ak74u_dualclip_grip_reload_empty_quick
xanim,viewmodel_ak74u_dualclip_grip_reload_quick
xanim,viewmodel_ak74u_dualclip_reload
xanim,viewmodel_ak74u_dualclip_reload_empty
xanim,viewmodel_ak74u_dualclip_reload_empty_quick
xanim,viewmodel_ak74u_dualclip_reload_quick
xanim,viewmodel_ak74u_elbit_ads_down
xanim,viewmodel_ak74u_elbit_ads_up
xanim,viewmodel_ak74u_extclip_grip_reload
xanim,viewmodel_ak74u_extclip_grip_reload_empty
xanim,viewmodel_ak74u_extclip_reload
xanim,viewmodel_ak74u_extclip_reload_empty
xanim,viewmodel_ak74u_fire
xanim,viewmodel_ak74u_first_raise
xanim,viewmodel_ak74u_grenadier_ads_down
xanim,viewmodel_ak74u_grenadier_ads_fire
xanim,viewmodel_ak74u_grenadier_ads_up
xanim,viewmodel_ak74u_grenadier_d2p_in
xanim,viewmodel_ak74u_grenadier_d2p_loop
xanim,viewmodel_ak74u_grenadier_d2p_out
xanim,viewmodel_ak74u_grenadier_fire
xanim,viewmodel_ak74u_grenadier_fromgrenade
xanim,viewmodel_ak74u_grenadier_idle
xanim,viewmodel_ak74u_grenadier_pullout
xanim,viewmodel_ak74u_grenadier_pullout_quick
xanim,viewmodel_ak74u_grenadier_putaway
xanim,viewmodel_ak74u_grenadier_putaway_quick
xanim,viewmodel_ak74u_grenadier_reload
xanim,viewmodel_ak74u_grenadier_reload_empty
xanim,viewmodel_ak74u_grenadier_sprint_in
xanim,viewmodel_ak74u_grenadier_sprint_loop
xanim,viewmodel_ak74u_grenadier_sprint_out
xanim,viewmodel_ak74u_grip_ads_down
xanim,viewmodel_ak74u_grip_ads_fire
xanim,viewmodel_ak74u_grip_ads_up
xanim,viewmodel_ak74u_grip_d2p_in
xanim,viewmodel_ak74u_grip_d2p_loop
xanim,viewmodel_ak74u_grip_d2p_out
xanim,viewmodel_ak74u_grip_fire
xanim,viewmodel_ak74u_grip_idle
xanim,viewmodel_ak74u_grip_pullout
xanim,viewmodel_ak74u_grip_pullout_quick
xanim,viewmodel_ak74u_grip_putaway
xanim,viewmodel_ak74u_grip_putaway_quick
xanim,viewmodel_ak74u_grip_reload
xanim,viewmodel_ak74u_grip_reload_empty
xanim,viewmodel_ak74u_grip_sprint_in
xanim,viewmodel_ak74u_grip_sprint_loop
xanim,viewmodel_ak74u_grip_sprint_out
xanim,viewmodel_ak74u_idle
xanim,viewmodel_ak74u_pullout
xanim,viewmodel_ak74u_pullout_quick
xanim,viewmodel_ak74u_putaway
xanim,viewmodel_ak74u_putaway_quick
xanim,viewmodel_ak74u_reload
xanim,viewmodel_ak74u_reload_empty
xanim,viewmodel_ak74u_sprint_in
xanim,viewmodel_ak74u_sprint_loop
xanim,viewmodel_ak74u_sprint_out
xanim,viewmodel_asp_dw_full_ads_down
xanim,viewmodel_asp_dw_full_ads_up
xanim,viewmodel_asp_dw_full_d2p_in
xanim,viewmodel_asp_dw_full_d2p_loop
xanim,viewmodel_asp_dw_full_d2p_out
xanim,viewmodel_asp_dw_full_first_raise
xanim,viewmodel_asp_dw_full_pullout
xanim,viewmodel_asp_dw_full_putaway
xanim,viewmodel_asp_dw_full_sprint_in
xanim,viewmodel_asp_dw_full_sprint_loop
xanim,viewmodel_asp_dw_full_sprint_out
xanim,viewmodel_asp_dw_left_fire
xanim,viewmodel_asp_dw_left_idle_loop
xanim,viewmodel_asp_dw_left_reload
xanim,viewmodel_asp_dw_left_reload_empty
xanim,viewmodel_asp_dw_right_fire
xanim,viewmodel_asp_dw_right_idle_loop
xanim,viewmodel_asp_dw_right_reload
xanim,viewmodel_asp_dw_right_reload_empty
xanim,viewmodel_asp_sw_ads_down
xanim,viewmodel_asp_sw_ads_fire
xanim,viewmodel_asp_sw_ads_up
xanim,viewmodel_asp_sw_dtp_in
xanim,viewmodel_asp_sw_dtp_loop
xanim,viewmodel_asp_sw_dtp_out
xanim,viewmodel_asp_sw_fire
xanim,viewmodel_asp_sw_first_raise
xanim,viewmodel_asp_sw_idle
xanim,viewmodel_asp_sw_lastshot
xanim,viewmodel_asp_sw_pullout
xanim,viewmodel_asp_sw_putaway
xanim,viewmodel_asp_sw_reload
xanim,viewmodel_asp_sw_reload_empty
xanim,viewmodel_asp_sw_sprint_loop
xanim,viewmodel_aug_acog_ads_down
xanim,viewmodel_aug_acog_ads_up
xanim,viewmodel_aug_dualclip_reload
xanim,viewmodel_aug_dualclip_reload_empty
xanim,viewmodel_aug_dualclip_reload_empty_quick
xanim,viewmodel_aug_dualclip_reload_quick
xanim,viewmodel_aug_elbit_ads_down
xanim,viewmodel_aug_elbit_ads_up
xanim,viewmodel_aug_extclip_reload
xanim,viewmodel_aug_extclip_reload_empty
xanim,viewmodel_aug_flame_ads_down
xanim,viewmodel_aug_flame_ads_fire
xanim,viewmodel_aug_flame_ads_up
xanim,viewmodel_aug_flame_d2p_in
xanim,viewmodel_aug_flame_d2p_loop
xanim,viewmodel_aug_flame_d2p_out
xanim,viewmodel_aug_flame_fire
xanim,viewmodel_aug_flame_first_raise
xanim,viewmodel_aug_flame_fromflame
xanim,viewmodel_aug_flame_idle
xanim,viewmodel_aug_flame_pullout
xanim,viewmodel_aug_flame_pullout_quick
xanim,viewmodel_aug_flame_putaway
xanim,viewmodel_aug_flame_putaway_quick
xanim,viewmodel_aug_flame_reload
xanim,viewmodel_aug_flame_reload_empty
xanim,viewmodel_aug_flame_sprint_in
xanim,viewmodel_aug_flame_sprint_loop
xanim,viewmodel_aug_flame_sprint_out
xanim,viewmodel_aug_grenadier_ads_down
xanim,viewmodel_aug_grenadier_ads_fire
xanim,viewmodel_aug_grenadier_ads_up
xanim,viewmodel_aug_grenadier_d2p_in
xanim,viewmodel_aug_grenadier_d2p_loop
xanim,viewmodel_aug_grenadier_d2p_out
xanim,viewmodel_aug_grenadier_fire
xanim,viewmodel_aug_grenadier_first_raise
xanim,viewmodel_aug_grenadier_fromgrenade
xanim,viewmodel_aug_grenadier_idle
xanim,viewmodel_aug_grenadier_pullout
xanim,viewmodel_aug_grenadier_pullout_quick
xanim,viewmodel_aug_grenadier_putaway
xanim,viewmodel_aug_grenadier_putaway_quick
xanim,viewmodel_aug_grenadier_reload
xanim,viewmodel_aug_grenadier_reload_empty
xanim,viewmodel_aug_grenadier_sprint_in
xanim,viewmodel_aug_grenadier_sprint_loop
xanim,viewmodel_aug_grenadier_sprint_out
xanim,viewmodel_aug_grip_ads_down
xanim,viewmodel_aug_grip_ads_fire
xanim,viewmodel_aug_grip_ads_up
xanim,viewmodel_aug_grip_d2p_in
xanim,viewmodel_aug_grip_d2p_loop
xanim,viewmodel_aug_grip_d2p_out
xanim,viewmodel_aug_grip_fire
xanim,viewmodel_aug_grip_first_raise
xanim,viewmodel_aug_grip_idle
xanim,viewmodel_aug_grip_pullout
xanim,viewmodel_aug_grip_pullout_quick
xanim,viewmodel_aug_grip_putaway
xanim,viewmodel_aug_grip_putaway_quick
xanim,viewmodel_aug_grip_reload
xanim,viewmodel_aug_grip_reload_empty
xanim,viewmodel_aug_grip_sprint_in
xanim,viewmodel_aug_grip_sprint_loop
xanim,viewmodel_aug_grip_sprint_out
xanim,viewmodel_aug_ir_ads_down
xanim,viewmodel_aug_ir_ads_up
xanim,viewmodel_aug_masterkey_ads_down
xanim,viewmodel_aug_masterkey_ads_fire
xanim,viewmodel_aug_masterkey_ads_up
xanim,viewmodel_aug_masterkey_d2p_in
xanim,viewmodel_aug_masterkey_d2p_loop
xanim,viewmodel_aug_masterkey_d2p_out
xanim,viewmodel_aug_masterkey_fire
xanim,viewmodel_aug_masterkey_first_raise
xanim,viewmodel_aug_masterkey_from_mk
xanim,viewmodel_aug_masterkey_idle
xanim,viewmodel_aug_masterkey_mk_ads_down
xanim,viewmodel_aug_masterkey_mk_ads_up
xanim,viewmodel_aug_masterkey_mk_d2p_in
xanim,viewmodel_aug_masterkey_mk_d2p_loop
xanim,viewmodel_aug_masterkey_mk_d2p_out
xanim,viewmodel_aug_masterkey_mk_fire
xanim,viewmodel_aug_masterkey_mk_idle
xanim,viewmodel_aug_masterkey_mk_pullout_quick
xanim,viewmodel_aug_masterkey_mk_putaway_quick
xanim,viewmodel_aug_masterkey_mk_rechamber
xanim,viewmodel_aug_masterkey_mk_reload_in
xanim,viewmodel_aug_masterkey_mk_reload_loop
xanim,viewmodel_aug_masterkey_mk_reload_out
xanim,viewmodel_aug_masterkey_mk_sprint_in
xanim,viewmodel_aug_masterkey_mk_sprint_loop
xanim,viewmodel_aug_masterkey_mk_sprint_out
xanim,viewmodel_aug_masterkey_pullout
xanim,viewmodel_aug_masterkey_pullout_quick
xanim,viewmodel_aug_masterkey_putaway
xanim,viewmodel_aug_masterkey_putaway_quick
xanim,viewmodel_aug_masterkey_reload
xanim,viewmodel_aug_masterkey_reload_empty
xanim,viewmodel_aug_masterkey_sprint_in
xanim,viewmodel_aug_masterkey_sprint_loop
xanim,viewmodel_aug_masterkey_sprint_out
xanim,viewmodel_aug_masterkey_to_mk
xanim,viewmodel_aug_reflex_ads_down
xanim,viewmodel_aug_reflex_ads_up
xanim,viewmodel_beretta682_ads_down
xanim,viewmodel_beretta682_ads_fire
xanim,viewmodel_beretta682_ads_up
xanim,viewmodel_beretta682_d2p_in
xanim,viewmodel_beretta682_d2p_loop
xanim,viewmodel_beretta682_d2p_out
xanim,viewmodel_beretta682_fire
xanim,viewmodel_beretta682_first_raise
xanim,viewmodel_beretta682_idle
xanim,viewmodel_beretta682_pullout
xanim,viewmodel_beretta682_pullout_quick
xanim,viewmodel_beretta682_putaway
xanim,viewmodel_beretta682_putaway_quick
xanim,viewmodel_beretta682_reload
xanim,viewmodel_beretta682_reload_empty
xanim,viewmodel_beretta682_sprint_in
xanim,viewmodel_beretta682_sprint_loop
xanim,viewmodel_beretta682_sprint_out
xanim,viewmodel_c4_detonator_fire
xanim,viewmodel_c4_fire
xanim,viewmodel_c4_hold_fire
xanim,viewmodel_c4_idle
xanim,viewmodel_c4_pullout
xanim,viewmodel_c4_putaway
xanim,viewmodel_c4_quick_drop
xanim,viewmodel_c4_quick_raise
xanim,viewmodel_c4_sprint_in
xanim,viewmodel_c4_sprint_loop
xanim,viewmodel_c4_sprint_out
xanim,viewmodel_colt1911_dw_full_ads_down
xanim,viewmodel_colt1911_dw_full_ads_up
xanim,viewmodel_colt1911_dw_full_d2p_in
xanim,viewmodel_colt1911_dw_full_d2p_loop
xanim,viewmodel_colt1911_dw_full_d2p_out
xanim,viewmodel_colt1911_dw_full_first_raise
xanim,viewmodel_colt1911_dw_full_pullout
xanim,viewmodel_colt1911_dw_full_putaway
xanim,viewmodel_colt1911_dw_full_sprint_in
xanim,viewmodel_colt1911_dw_full_sprint_loop
xanim,viewmodel_colt1911_dw_full_sprint_out
xanim,viewmodel_colt1911_dw_left_fire
xanim,viewmodel_colt1911_dw_left_idle_loop
xanim,viewmodel_colt1911_dw_left_last_shot
xanim,viewmodel_colt1911_dw_left_reload
xanim,viewmodel_colt1911_dw_left_reload_empty
xanim,viewmodel_colt1911_dw_right_fire
xanim,viewmodel_colt1911_dw_right_idle_loop
xanim,viewmodel_colt1911_dw_right_last_shot
xanim,viewmodel_colt1911_dw_right_reload
xanim,viewmodel_colt1911_dw_right_reload_empty
xanim,viewmodel_colt1911_extclip_reload
xanim,viewmodel_colt1911_extclip_reload_empty
xanim,viewmodel_colt1911_sw_ads_down
xanim,viewmodel_colt1911_sw_ads_fire
xanim,viewmodel_colt1911_sw_ads_up
xanim,viewmodel_colt1911_sw_dtp_in
xanim,viewmodel_colt1911_sw_dtp_loop
xanim,viewmodel_colt1911_sw_dtp_out
xanim,viewmodel_colt1911_sw_empty_dtp_in
xanim,viewmodel_colt1911_sw_empty_dtp_loop
xanim,viewmodel_colt1911_sw_empty_dtp_out
xanim,viewmodel_colt1911_sw_empty_idle
xanim,viewmodel_colt1911_sw_empty_pullout
xanim,viewmodel_colt1911_sw_empty_putaway
xanim,viewmodel_colt1911_sw_empty_sprint_loop
xanim,viewmodel_colt1911_sw_fire
xanim,viewmodel_colt1911_sw_first_raise
xanim,viewmodel_colt1911_sw_idle
xanim,viewmodel_colt1911_sw_lastshot
xanim,viewmodel_colt1911_sw_pullout
xanim,viewmodel_colt1911_sw_putaway
xanim,viewmodel_colt1911_sw_reload
xanim,viewmodel_colt1911_sw_reload_empty
xanim,viewmodel_colt1911_sw_sprint_loop
xanim,viewmodel_commando_acog_ads_down
xanim,viewmodel_commando_acog_ads_up
xanim,viewmodel_commando_ads_down
xanim,viewmodel_commando_ads_fire
xanim,viewmodel_commando_ads_up
xanim,viewmodel_commando_aimpoint_ads_down
xanim,viewmodel_commando_aimpoint_ads_up
xanim,viewmodel_commando_d2p_in
xanim,viewmodel_commando_d2p_loop
xanim,viewmodel_commando_d2p_out
xanim,viewmodel_commando_dualclip_reload
xanim,viewmodel_commando_dualclip_reload_empty
xanim,viewmodel_commando_dualclip_reload_empty_quick
xanim,viewmodel_commando_dualclip_reload_quick
xanim,viewmodel_commando_elbit_ads_down
xanim,viewmodel_commando_elbit_ads_up
xanim,viewmodel_commando_extclip_reload
xanim,viewmodel_commando_extclip_reload_empty
xanim,viewmodel_commando_fire
xanim,viewmodel_commando_first_raise
xanim,viewmodel_commando_flame_ads_down
xanim,viewmodel_commando_flame_ads_fire
xanim,viewmodel_commando_flame_ads_up
xanim,viewmodel_commando_flame_d2p_in
xanim,viewmodel_commando_flame_d2p_loop
xanim,viewmodel_commando_flame_d2p_out
xanim,viewmodel_commando_flame_fire
xanim,viewmodel_commando_flame_first_raise
xanim,viewmodel_commando_flame_from_ft
xanim,viewmodel_commando_flame_idle_loop
xanim,viewmodel_commando_flame_pullout
xanim,viewmodel_commando_flame_pullout_quick
xanim,viewmodel_commando_flame_putaway
xanim,viewmodel_commando_flame_putaway_quick
xanim,viewmodel_commando_flame_reload
xanim,viewmodel_commando_flame_reload_empty
xanim,viewmodel_commando_flame_sprint_in
xanim,viewmodel_commando_flame_sprint_loop
xanim,viewmodel_commando_flame_sprint_out
xanim,viewmodel_commando_grenadier_ads_down
xanim,viewmodel_commando_grenadier_ads_fire
xanim,viewmodel_commando_grenadier_ads_up
xanim,viewmodel_commando_grenadier_d2p_in
xanim,viewmodel_commando_grenadier_d2p_loop
xanim,viewmodel_commando_grenadier_d2p_out
xanim,viewmodel_commando_grenadier_fire
xanim,viewmodel_commando_grenadier_first_raise
xanim,viewmodel_commando_grenadier_fromgrenade
xanim,viewmodel_commando_grenadier_idle_loop
xanim,viewmodel_commando_grenadier_pullout
xanim,viewmodel_commando_grenadier_pullout_quick
xanim,viewmodel_commando_grenadier_putaway
xanim,viewmodel_commando_grenadier_putaway_quick
xanim,viewmodel_commando_grenadier_reload
xanim,viewmodel_commando_grenadier_reload_empty
xanim,viewmodel_commando_grenadier_sprint_in
xanim,viewmodel_commando_grenadier_sprint_loop
xanim,viewmodel_commando_grenadier_sprint_out
xanim,viewmodel_commando_idle
xanim,viewmodel_commando_ir_ads_down
xanim,viewmodel_commando_ir_ads_up
xanim,viewmodel_commando_masterkey_ads_down
xanim,viewmodel_commando_masterkey_ads_fire
xanim,viewmodel_commando_masterkey_ads_up
xanim,viewmodel_commando_masterkey_d2p_in
xanim,viewmodel_commando_masterkey_d2p_loop
xanim,viewmodel_commando_masterkey_d2p_out
xanim,viewmodel_commando_masterkey_fire
xanim,viewmodel_commando_masterkey_first_raise
xanim,viewmodel_commando_masterkey_from_mk
xanim,viewmodel_commando_masterkey_idle_loop
xanim,viewmodel_commando_masterkey_mk_ads_down
xanim,viewmodel_commando_masterkey_mk_ads_up
xanim,viewmodel_commando_masterkey_mk_d2p_in
xanim,viewmodel_commando_masterkey_mk_d2p_loop
xanim,viewmodel_commando_masterkey_mk_d2p_out
xanim,viewmodel_commando_masterkey_mk_fire
xanim,viewmodel_commando_masterkey_mk_idle_loop
xanim,viewmodel_commando_masterkey_mk_pullout
xanim,viewmodel_commando_masterkey_mk_putaway
xanim,viewmodel_commando_masterkey_mk_rechamber
xanim,viewmodel_commando_masterkey_mk_reload_in
xanim,viewmodel_commando_masterkey_mk_reload_loop
xanim,viewmodel_commando_masterkey_mk_reload_out
xanim,viewmodel_commando_masterkey_mk_sprint_in
xanim,viewmodel_commando_masterkey_mk_sprint_loop
xanim,viewmodel_commando_masterkey_mk_sprint_out
xanim,viewmodel_commando_masterkey_pullout
xanim,viewmodel_commando_masterkey_pullout_quick
xanim,viewmodel_commando_masterkey_putaway
xanim,viewmodel_commando_masterkey_putaway_quick
xanim,viewmodel_commando_masterkey_reload
xanim,viewmodel_commando_masterkey_reload_empty
xanim,viewmodel_commando_masterkey_sprint_in
xanim,viewmodel_commando_masterkey_sprint_loop
xanim,viewmodel_commando_masterkey_sprint_out
xanim,viewmodel_commando_masterkey_to_mk
xanim,viewmodel_commando_pullout
xanim,viewmodel_commando_pullout_quick
xanim,viewmodel_commando_putaway
xanim,viewmodel_commando_putaway_quick
xanim,viewmodel_commando_reload
xanim,viewmodel_commando_reload_empty
xanim,viewmodel_commando_sprint_in
xanim,viewmodel_commando_sprint_loop
xanim,viewmodel_commando_sprint_out
xanim,viewmodel_crossbow_ads_down
xanim,viewmodel_crossbow_ads_up
xanim,viewmodel_crossbow_d2p_in
xanim,viewmodel_crossbow_d2p_loop
xanim,viewmodel_crossbow_d2p_out
xanim,viewmodel_crossbow_empty_d2p_in
xanim,viewmodel_crossbow_empty_d2p_loop
xanim,viewmodel_crossbow_empty_d2p_out
xanim,viewmodel_crossbow_empty_idle
xanim,viewmodel_crossbow_empty_sprint_in
xanim,viewmodel_crossbow_empty_sprint_loop
xanim,viewmodel_crossbow_empty_sprint_out
xanim,viewmodel_crossbow_fire
xanim,viewmodel_crossbow_idle
xanim,viewmodel_crossbow_last_shot
xanim,viewmodel_crossbow_pull_out_empty
xanim,viewmodel_crossbow_pullout
xanim,viewmodel_crossbow_pullout_quick
xanim,viewmodel_crossbow_put_away_empty
xanim,viewmodel_crossbow_putaway
xanim,viewmodel_crossbow_putaway_quick
xanim,viewmodel_crossbow_reload
xanim,viewmodel_crossbow_sprint_in
xanim,viewmodel_crossbow_sprint_loop
xanim,viewmodel_crossbow_sprint_out
xanim,viewmodel_cz75_dw_full_ads_down
xanim,viewmodel_cz75_dw_full_ads_up
xanim,viewmodel_cz75_dw_full_d2p_in
xanim,viewmodel_cz75_dw_full_d2p_loop
xanim,viewmodel_cz75_dw_full_d2p_out
xanim,viewmodel_cz75_dw_full_first_raise
xanim,viewmodel_cz75_dw_full_pullout
xanim,viewmodel_cz75_dw_full_pullout_empty
xanim,viewmodel_cz75_dw_full_putaway
xanim,viewmodel_cz75_dw_full_putaway_empty
xanim,viewmodel_cz75_dw_full_sprint_in
xanim,viewmodel_cz75_dw_full_sprint_loop
xanim,viewmodel_cz75_dw_full_sprint_out
xanim,viewmodel_cz75_dw_left_fire
xanim,viewmodel_cz75_dw_left_idle_loop
xanim,viewmodel_cz75_dw_left_last_shot
xanim,viewmodel_cz75_dw_left_reload
xanim,viewmodel_cz75_dw_left_reload_empty
xanim,viewmodel_cz75_dw_right_fire
xanim,viewmodel_cz75_dw_right_idle_loop
xanim,viewmodel_cz75_dw_right_idle_loop_empty
xanim,viewmodel_cz75_dw_right_last_shot
xanim,viewmodel_cz75_dw_right_reload
xanim,viewmodel_cz75_dw_right_reload_empty
xanim,viewmodel_cz75_extclip_reload
xanim,viewmodel_cz75_extclip_reload_empty
xanim,viewmodel_cz75_sw_ads_down
xanim,viewmodel_cz75_sw_ads_fire
xanim,viewmodel_cz75_sw_ads_up
xanim,viewmodel_cz75_sw_dtp_in
xanim,viewmodel_cz75_sw_dtp_loop
xanim,viewmodel_cz75_sw_dtp_out
xanim,viewmodel_cz75_sw_fire
xanim,viewmodel_cz75_sw_first_raise
xanim,viewmodel_cz75_sw_idle
xanim,viewmodel_cz75_sw_lastshot
xanim,viewmodel_cz75_sw_pullout
xanim,viewmodel_cz75_sw_putaway
xanim,viewmodel_cz75_sw_reload
xanim,viewmodel_cz75_sw_reload_empty
xanim,viewmodel_cz75_sw_sprint_loop
xanim,viewmodel_dragunov_acog_ads_down
xanim,viewmodel_dragunov_acog_ads_up
xanim,viewmodel_dragunov_ads_down
xanim,viewmodel_dragunov_ads_fire
xanim,viewmodel_dragunov_ads_up
xanim,viewmodel_dragunov_d2p_in
xanim,viewmodel_dragunov_d2p_loop
xanim,viewmodel_dragunov_d2p_out
xanim,viewmodel_dragunov_extclip_reload
xanim,viewmodel_dragunov_extclip_reload_empty
xanim,viewmodel_dragunov_fire
xanim,viewmodel_dragunov_first_raise
xanim,viewmodel_dragunov_idle
xanim,viewmodel_dragunov_ir_ads_down
xanim,viewmodel_dragunov_ir_ads_up
xanim,viewmodel_dragunov_pullout
xanim,viewmodel_dragunov_pullout_quick
xanim,viewmodel_dragunov_putaway
xanim,viewmodel_dragunov_putaway_quick
xanim,viewmodel_dragunov_reload
xanim,viewmodel_dragunov_reload_empty
xanim,viewmodel_dragunov_sprint_in
xanim,viewmodel_dragunov_sprint_loop
xanim,viewmodel_dragunov_sprint_out
xanim,viewmodel_dragunov_vzoom_ads_down
xanim,viewmodel_dragunov_vzoom_ads_up
xanim,viewmodel_enfield_acog_ads_down
xanim,viewmodel_enfield_acog_ads_up
xanim,viewmodel_enfield_ads_down
xanim,viewmodel_enfield_ads_fire
xanim,viewmodel_enfield_ads_up
xanim,viewmodel_enfield_aimpoint_ads_down
xanim,viewmodel_enfield_aimpoint_ads_up
xanim,viewmodel_enfield_d2p_in
xanim,viewmodel_enfield_d2p_loop
xanim,viewmodel_enfield_d2p_out
xanim,viewmodel_enfield_dualclip_reload
xanim,viewmodel_enfield_dualclip_reload_empty
xanim,viewmodel_enfield_dualclip_reload_empty_quick
xanim,viewmodel_enfield_dualclip_reload_quick
xanim,viewmodel_enfield_elbit_ads_down
xanim,viewmodel_enfield_elbit_ads_up
xanim,viewmodel_enfield_extclip_reload
xanim,viewmodel_enfield_extclip_reload_empty
xanim,viewmodel_enfield_fire
xanim,viewmodel_enfield_first_raise
xanim,viewmodel_enfield_flame_ads_down
xanim,viewmodel_enfield_flame_ads_fire
xanim,viewmodel_enfield_flame_ads_up
xanim,viewmodel_enfield_flame_d2p_in
xanim,viewmodel_enfield_flame_d2p_loop
xanim,viewmodel_enfield_flame_d2p_out
xanim,viewmodel_enfield_flame_fire
xanim,viewmodel_enfield_flame_first_raise
xanim,viewmodel_enfield_flame_from_ft
xanim,viewmodel_enfield_flame_idle
xanim,viewmodel_enfield_flame_pullout
xanim,viewmodel_enfield_flame_pullout_quick
xanim,viewmodel_enfield_flame_putaway
xanim,viewmodel_enfield_flame_putaway_quick
xanim,viewmodel_enfield_flame_reload
xanim,viewmodel_enfield_flame_reload_empty
xanim,viewmodel_enfield_flame_sprint_in
xanim,viewmodel_enfield_flame_sprint_loop
xanim,viewmodel_enfield_flame_sprint_out
xanim,viewmodel_enfield_grenadier_ads_down
xanim,viewmodel_enfield_grenadier_ads_fire
xanim,viewmodel_enfield_grenadier_ads_up
xanim,viewmodel_enfield_grenadier_d2p_in
xanim,viewmodel_enfield_grenadier_d2p_loop
xanim,viewmodel_enfield_grenadier_d2p_out
xanim,viewmodel_enfield_grenadier_fire
xanim,viewmodel_enfield_grenadier_first_raise
xanim,viewmodel_enfield_grenadier_from_gl
xanim,viewmodel_enfield_grenadier_idle
xanim,viewmodel_enfield_grenadier_pullout
xanim,viewmodel_enfield_grenadier_pullout_quick
xanim,viewmodel_enfield_grenadier_putaway
xanim,viewmodel_enfield_grenadier_putaway_quick
xanim,viewmodel_enfield_grenadier_reload
xanim,viewmodel_enfield_grenadier_reload_empty
xanim,viewmodel_enfield_grenadier_sprint_in
xanim,viewmodel_enfield_grenadier_sprint_loop
xanim,viewmodel_enfield_grenadier_sprint_out
xanim,viewmodel_enfield_idle
xanim,viewmodel_enfield_ir_ads_down
xanim,viewmodel_enfield_ir_ads_up
xanim,viewmodel_enfield_masterkey_ads_down
xanim,viewmodel_enfield_masterkey_ads_fire
xanim,viewmodel_enfield_masterkey_ads_up
xanim,viewmodel_enfield_masterkey_d2p_in
xanim,viewmodel_enfield_masterkey_d2p_loop
xanim,viewmodel_enfield_masterkey_d2p_out
xanim,viewmodel_enfield_masterkey_fire
xanim,viewmodel_enfield_masterkey_first_raise
xanim,viewmodel_enfield_masterkey_from_mk
xanim,viewmodel_enfield_masterkey_idle
xanim,viewmodel_enfield_masterkey_mk_ads_down
xanim,viewmodel_enfield_masterkey_mk_ads_up
xanim,viewmodel_enfield_masterkey_mk_d2p_in
xanim,viewmodel_enfield_masterkey_mk_d2p_loop
xanim,viewmodel_enfield_masterkey_mk_d2p_out
xanim,viewmodel_enfield_masterkey_mk_fire
xanim,viewmodel_enfield_masterkey_mk_idle
xanim,viewmodel_enfield_masterkey_mk_pullout
xanim,viewmodel_enfield_masterkey_mk_putaway
xanim,viewmodel_enfield_masterkey_mk_rechamber
xanim,viewmodel_enfield_masterkey_mk_reload_in
xanim,viewmodel_enfield_masterkey_mk_reload_loop
xanim,viewmodel_enfield_masterkey_mk_reload_out
xanim,viewmodel_enfield_masterkey_mk_sprint_in
xanim,viewmodel_enfield_masterkey_mk_sprint_loop
xanim,viewmodel_enfield_masterkey_mk_sprint_out
xanim,viewmodel_enfield_masterkey_pullout
xanim,viewmodel_enfield_masterkey_pullout_quick
xanim,viewmodel_enfield_masterkey_putaway
xanim,viewmodel_enfield_masterkey_putaway_quick
xanim,viewmodel_enfield_masterkey_reload
xanim,viewmodel_enfield_masterkey_reload_empty
xanim,viewmodel_enfield_masterkey_sprint_in
xanim,viewmodel_enfield_masterkey_sprint_loop
xanim,viewmodel_enfield_masterkey_sprint_out
xanim,viewmodel_enfield_masterkey_to_mk
xanim,viewmodel_enfield_pullout
xanim,viewmodel_enfield_pullout_quick
xanim,viewmodel_enfield_putaway
xanim,viewmodel_enfield_putaway_quick
xanim,viewmodel_enfield_reload
xanim,viewmodel_enfield_reload_empty
xanim,viewmodel_enfield_sprint_in
xanim,viewmodel_enfield_sprint_loop
xanim,viewmodel_enfield_sprint_out
xanim,viewmodel_ex41_ads_down
xanim,viewmodel_ex41_ads_up
xanim,viewmodel_ex41_d2p_in
xanim,viewmodel_ex41_d2p_loop
xanim,viewmodel_ex41_d2p_out
xanim,viewmodel_ex41_fire
xanim,viewmodel_ex41_first_raise
xanim,viewmodel_ex41_idle
xanim,viewmodel_ex41_mantle
xanim,viewmodel_ex41_pullout
xanim,viewmodel_ex41_pullout_quick
xanim,viewmodel_ex41_putaway
xanim,viewmodel_ex41_putaway_quick
xanim,viewmodel_ex41_rechamber
xanim,viewmodel_ex41_reload_in
xanim,viewmodel_ex41_reload_loop
xanim,viewmodel_ex41_reload_out
xanim,viewmodel_ex41_sprint_in
xanim,viewmodel_ex41_sprint_loop
xanim,viewmodel_ex41_sprint_out
xanim,viewmodel_famas_acog_ads_down
xanim,viewmodel_famas_acog_ads_up
xanim,viewmodel_famas_ads_down
xanim,viewmodel_famas_ads_fire
xanim,viewmodel_famas_ads_up
xanim,viewmodel_famas_aimpoint_ads_down
xanim,viewmodel_famas_aimpoint_ads_up
xanim,viewmodel_famas_d2p_in
xanim,viewmodel_famas_d2p_loop
xanim,viewmodel_famas_d2p_out
xanim,viewmodel_famas_dualclip_reload
xanim,viewmodel_famas_dualclip_reload_empty
xanim,viewmodel_famas_dualclip_reload_empty_quick
xanim,viewmodel_famas_dualclip_reload_quick
xanim,viewmodel_famas_elbit_ads_down
xanim,viewmodel_famas_elbit_ads_up
xanim,viewmodel_famas_extclip_reload
xanim,viewmodel_famas_extclip_reload_empty
xanim,viewmodel_famas_fire
xanim,viewmodel_famas_first_raise
xanim,viewmodel_famas_flame_ads_down
xanim,viewmodel_famas_flame_ads_fire
xanim,viewmodel_famas_flame_ads_up
xanim,viewmodel_famas_flame_d2p_in
xanim,viewmodel_famas_flame_d2p_loop
xanim,viewmodel_famas_flame_d2p_out
xanim,viewmodel_famas_flame_fire
xanim,viewmodel_famas_flame_first_raise
xanim,viewmodel_famas_flame_from_ft
xanim,viewmodel_famas_flame_idle
xanim,viewmodel_famas_flame_pullout
xanim,viewmodel_famas_flame_pullout_quick
xanim,viewmodel_famas_flame_putaway
xanim,viewmodel_famas_flame_putaway_quick
xanim,viewmodel_famas_flame_reload
xanim,viewmodel_famas_flame_reload_empty
xanim,viewmodel_famas_flame_sprint_in
xanim,viewmodel_famas_flame_sprint_loop
xanim,viewmodel_famas_flame_sprint_out
xanim,viewmodel_famas_grenadier_ads_down
xanim,viewmodel_famas_grenadier_ads_fire
xanim,viewmodel_famas_grenadier_ads_up
xanim,viewmodel_famas_grenadier_d2p_in
xanim,viewmodel_famas_grenadier_d2p_loop
xanim,viewmodel_famas_grenadier_d2p_out
xanim,viewmodel_famas_grenadier_fire
xanim,viewmodel_famas_grenadier_first_raise
xanim,viewmodel_famas_grenadier_from_grenade
xanim,viewmodel_famas_grenadier_idle
xanim,viewmodel_famas_grenadier_pullout
xanim,viewmodel_famas_grenadier_pullout_quick
xanim,viewmodel_famas_grenadier_putaway
xanim,viewmodel_famas_grenadier_putaway_quick
xanim,viewmodel_famas_grenadier_reload
xanim,viewmodel_famas_grenadier_reload_empty
xanim,viewmodel_famas_grenadier_sprint_in
xanim,viewmodel_famas_grenadier_sprint_loop
xanim,viewmodel_famas_grenadier_sprint_out
xanim,viewmodel_famas_idle_loop
xanim,viewmodel_famas_ir_ads_down
xanim,viewmodel_famas_ir_ads_up
xanim,viewmodel_famas_masterkey_ads_down
xanim,viewmodel_famas_masterkey_ads_fire
xanim,viewmodel_famas_masterkey_ads_up
xanim,viewmodel_famas_masterkey_d2p_in
xanim,viewmodel_famas_masterkey_d2p_loop
xanim,viewmodel_famas_masterkey_d2p_out
xanim,viewmodel_famas_masterkey_fire
xanim,viewmodel_famas_masterkey_first_raise
xanim,viewmodel_famas_masterkey_from_mk
xanim,viewmodel_famas_masterkey_idle_loop
xanim,viewmodel_famas_masterkey_mk_ads_down
xanim,viewmodel_famas_masterkey_mk_ads_up
xanim,viewmodel_famas_masterkey_mk_d2p_in
xanim,viewmodel_famas_masterkey_mk_d2p_loop
xanim,viewmodel_famas_masterkey_mk_d2p_out
xanim,viewmodel_famas_masterkey_mk_fire
xanim,viewmodel_famas_masterkey_mk_idle
xanim,viewmodel_famas_masterkey_mk_pullout
xanim,viewmodel_famas_masterkey_mk_putaway
xanim,viewmodel_famas_masterkey_mk_rechamber
xanim,viewmodel_famas_masterkey_mk_reload_in
xanim,viewmodel_famas_masterkey_mk_reload_loop
xanim,viewmodel_famas_masterkey_mk_reload_out
xanim,viewmodel_famas_masterkey_mk_sprint_in
xanim,viewmodel_famas_masterkey_mk_sprint_loop
xanim,viewmodel_famas_masterkey_mk_sprint_out
xanim,viewmodel_famas_masterkey_pullout
xanim,viewmodel_famas_masterkey_pullout_quick
xanim,viewmodel_famas_masterkey_putaway
xanim,viewmodel_famas_masterkey_putaway_quick
xanim,viewmodel_famas_masterkey_reload
xanim,viewmodel_famas_masterkey_reload_empty
xanim,viewmodel_famas_masterkey_sprint_in
xanim,viewmodel_famas_masterkey_sprint_loop
xanim,viewmodel_famas_masterkey_sprint_out
xanim,viewmodel_famas_masterkey_to_mk
xanim,viewmodel_famas_pullout
xanim,viewmodel_famas_pullout_quick
xanim,viewmodel_famas_putaway
xanim,viewmodel_famas_putaway_quick
xanim,viewmodel_famas_reload
xanim,viewmodel_famas_reload_empty
xanim,viewmodel_famas_sprint_in
xanim,viewmodel_famas_sprint_loop
xanim,viewmodel_famas_sprint_out
xanim,viewmodel_fn_fal_acog_ads_down
xanim,viewmodel_fn_fal_acog_ads_up
xanim,viewmodel_fn_fal_ads_down
xanim,viewmodel_fn_fal_ads_fire
xanim,viewmodel_fn_fal_ads_up
xanim,viewmodel_fn_fal_aimpoint_ads_down
xanim,viewmodel_fn_fal_aimpoint_ads_up
xanim,viewmodel_fn_fal_d2p_in
xanim,viewmodel_fn_fal_d2p_loop
xanim,viewmodel_fn_fal_d2p_out
xanim,viewmodel_fn_fal_dualclip_reload
xanim,viewmodel_fn_fal_dualclip_reload_empty
xanim,viewmodel_fn_fal_dualclip_reload_empty_quick
xanim,viewmodel_fn_fal_dualclip_reload_quick
xanim,viewmodel_fn_fal_elbit_ads_down
xanim,viewmodel_fn_fal_elbit_ads_up
xanim,viewmodel_fn_fal_extclip_reload
xanim,viewmodel_fn_fal_extclip_reload_empty
xanim,viewmodel_fn_fal_fire
xanim,viewmodel_fn_fal_first_raise
xanim,viewmodel_fn_fal_flame_ads_down
xanim,viewmodel_fn_fal_flame_ads_fire
xanim,viewmodel_fn_fal_flame_ads_up
xanim,viewmodel_fn_fal_flame_d2p_in
xanim,viewmodel_fn_fal_flame_d2p_loop
xanim,viewmodel_fn_fal_flame_d2p_out
xanim,viewmodel_fn_fal_flame_fire
xanim,viewmodel_fn_fal_flame_first_raise
xanim,viewmodel_fn_fal_flame_from_ft
xanim,viewmodel_fn_fal_flame_idle_loop
xanim,viewmodel_fn_fal_flame_pullout
xanim,viewmodel_fn_fal_flame_pullout_quick
xanim,viewmodel_fn_fal_flame_putaway
xanim,viewmodel_fn_fal_flame_putaway_quick
xanim,viewmodel_fn_fal_flame_reload
xanim,viewmodel_fn_fal_flame_reload_empty
xanim,viewmodel_fn_fal_flame_sprint_in
xanim,viewmodel_fn_fal_flame_sprint_loop
xanim,viewmodel_fn_fal_flame_sprint_out
xanim,viewmodel_fn_fal_grenadier_ads_down
xanim,viewmodel_fn_fal_grenadier_ads_fire
xanim,viewmodel_fn_fal_grenadier_ads_up
xanim,viewmodel_fn_fal_grenadier_d2p_in
xanim,viewmodel_fn_fal_grenadier_d2p_loop
xanim,viewmodel_fn_fal_grenadier_d2p_out
xanim,viewmodel_fn_fal_grenadier_fire
xanim,viewmodel_fn_fal_grenadier_first_raise
xanim,viewmodel_fn_fal_grenadier_fromgrenade
xanim,viewmodel_fn_fal_grenadier_idle_loop
xanim,viewmodel_fn_fal_grenadier_pullout
xanim,viewmodel_fn_fal_grenadier_pullout_quick
xanim,viewmodel_fn_fal_grenadier_putaway
xanim,viewmodel_fn_fal_grenadier_putaway_quick
xanim,viewmodel_fn_fal_grenadier_reload
xanim,viewmodel_fn_fal_grenadier_reload_empty
xanim,viewmodel_fn_fal_grenadier_sprint_in
xanim,viewmodel_fn_fal_grenadier_sprint_loop
xanim,viewmodel_fn_fal_grenadier_sprint_out
xanim,viewmodel_fn_fal_idle_loop
xanim,viewmodel_fn_fal_ir_ads_down
xanim,viewmodel_fn_fal_ir_ads_up
xanim,viewmodel_fn_fal_masterkey_ads_down
xanim,viewmodel_fn_fal_masterkey_ads_fire
xanim,viewmodel_fn_fal_masterkey_ads_up
xanim,viewmodel_fn_fal_masterkey_d2p_in
xanim,viewmodel_fn_fal_masterkey_d2p_loop
xanim,viewmodel_fn_fal_masterkey_d2p_out
xanim,viewmodel_fn_fal_masterkey_fire
xanim,viewmodel_fn_fal_masterkey_first_raise
xanim,viewmodel_fn_fal_masterkey_from_mk
xanim,viewmodel_fn_fal_masterkey_idle_loop
xanim,viewmodel_fn_fal_masterkey_mk_ads_down
xanim,viewmodel_fn_fal_masterkey_mk_ads_up
xanim,viewmodel_fn_fal_masterkey_mk_d2p_in
xanim,viewmodel_fn_fal_masterkey_mk_d2p_loop
xanim,viewmodel_fn_fal_masterkey_mk_d2p_out
xanim,viewmodel_fn_fal_masterkey_mk_fire
xanim,viewmodel_fn_fal_masterkey_mk_idle
xanim,viewmodel_fn_fal_masterkey_mk_pullout
xanim,viewmodel_fn_fal_masterkey_mk_putaway
xanim,viewmodel_fn_fal_masterkey_mk_rechamber
xanim,viewmodel_fn_fal_masterkey_mk_reload_in
xanim,viewmodel_fn_fal_masterkey_mk_reload_loop
xanim,viewmodel_fn_fal_masterkey_mk_reload_out
xanim,viewmodel_fn_fal_masterkey_mk_sprint_in
xanim,viewmodel_fn_fal_masterkey_mk_sprint_loop
xanim,viewmodel_fn_fal_masterkey_mk_sprint_out
xanim,viewmodel_fn_fal_masterkey_pullout
xanim,viewmodel_fn_fal_masterkey_pullout_quick
xanim,viewmodel_fn_fal_masterkey_putaway
xanim,viewmodel_fn_fal_masterkey_putaway_quick
xanim,viewmodel_fn_fal_masterkey_reload
xanim,viewmodel_fn_fal_masterkey_reload_empty
xanim,viewmodel_fn_fal_masterkey_sprint_in
xanim,viewmodel_fn_fal_masterkey_sprint_loop
xanim,viewmodel_fn_fal_masterkey_sprint_out
xanim,viewmodel_fn_fal_masterkey_to_mk
xanim,viewmodel_fn_fal_pullout
xanim,viewmodel_fn_fal_pullout_quick
xanim,viewmodel_fn_fal_putaway
xanim,viewmodel_fn_fal_putaway_quick
xanim,viewmodel_fn_fal_reload
xanim,viewmodel_fn_fal_reload_empty
xanim,viewmodel_fn_fal_sprint_in
xanim,viewmodel_fn_fal_sprint_loop
xanim,viewmodel_fn_fal_sprint_out
xanim,viewmodel_g11_ads_down
xanim,viewmodel_g11_ads_fire
xanim,viewmodel_g11_ads_up
xanim,viewmodel_g11_d2p_in
xanim,viewmodel_g11_d2p_loop
xanim,viewmodel_g11_d2p_out
xanim,viewmodel_g11_fire
xanim,viewmodel_g11_first_raise
xanim,viewmodel_g11_idle
xanim,viewmodel_g11_pullout
xanim,viewmodel_g11_pullout_quick
xanim,viewmodel_g11_putaway
xanim,viewmodel_g11_putaway_quick
xanim,viewmodel_g11_reload
xanim,viewmodel_g11_reload_empty
xanim,viewmodel_g11_scope_ads_down
xanim,viewmodel_g11_scope_ads_up
xanim,viewmodel_g11_sprint_in
xanim,viewmodel_g11_sprint_loop
xanim,viewmodel_g11_sprint_out
xanim,viewmodel_galil_acog_ads_down
xanim,viewmodel_galil_acog_ads_up
xanim,viewmodel_galil_ads_down
xanim,viewmodel_galil_ads_fire
xanim,viewmodel_galil_ads_up
xanim,viewmodel_galil_aimpoint_ads_down
xanim,viewmodel_galil_aimpoint_ads_up
xanim,viewmodel_galil_d2p_in
xanim,viewmodel_galil_d2p_loop
xanim,viewmodel_galil_d2p_out
xanim,viewmodel_galil_dualclip_reload
xanim,viewmodel_galil_dualclip_reload_empty
xanim,viewmodel_galil_dualclip_reload_empty_quick
xanim,viewmodel_galil_dualclip_reload_quick
xanim,viewmodel_galil_elbit_ads_down
xanim,viewmodel_galil_elbit_ads_up
xanim,viewmodel_galil_extclip_reload
xanim,viewmodel_galil_extclip_reload_empty
xanim,viewmodel_galil_fire
xanim,viewmodel_galil_first_raise
xanim,viewmodel_galil_flame_ads_down
xanim,viewmodel_galil_flame_ads_fire
xanim,viewmodel_galil_flame_ads_up
xanim,viewmodel_galil_flame_d2p_in
xanim,viewmodel_galil_flame_d2p_loop
xanim,viewmodel_galil_flame_d2p_out
xanim,viewmodel_galil_flame_fire
xanim,viewmodel_galil_flame_first_raise
xanim,viewmodel_galil_flame_from_ft
xanim,viewmodel_galil_flame_idle_loop
xanim,viewmodel_galil_flame_pullout
xanim,viewmodel_galil_flame_pullout_quick
xanim,viewmodel_galil_flame_putaway
xanim,viewmodel_galil_flame_putaway_quick
xanim,viewmodel_galil_flame_reload
xanim,viewmodel_galil_flame_reload_empty
xanim,viewmodel_galil_flame_sprint_in
xanim,viewmodel_galil_flame_sprint_loop
xanim,viewmodel_galil_flame_sprint_out
xanim,viewmodel_galil_grenadier_ads_down
xanim,viewmodel_galil_grenadier_ads_fire
xanim,viewmodel_galil_grenadier_ads_up
xanim,viewmodel_galil_grenadier_d2p_in
xanim,viewmodel_galil_grenadier_d2p_loop
xanim,viewmodel_galil_grenadier_d2p_out
xanim,viewmodel_galil_grenadier_fire
xanim,viewmodel_galil_grenadier_first_raise
xanim,viewmodel_galil_grenadier_fromgrenade
xanim,viewmodel_galil_grenadier_idle_loop
xanim,viewmodel_galil_grenadier_pullout
xanim,viewmodel_galil_grenadier_pullout_quick
xanim,viewmodel_galil_grenadier_putaway
xanim,viewmodel_galil_grenadier_putaway_quick
xanim,viewmodel_galil_grenadier_reload
xanim,viewmodel_galil_grenadier_reload_empty
xanim,viewmodel_galil_grenadier_sprint_in
xanim,viewmodel_galil_grenadier_sprint_loop
xanim,viewmodel_galil_grenadier_sprint_out
xanim,viewmodel_galil_idle_loop
xanim,viewmodel_galil_ir_ads_down
xanim,viewmodel_galil_ir_ads_up
xanim,viewmodel_galil_masterkey_ads_down
xanim,viewmodel_galil_masterkey_ads_fire
xanim,viewmodel_galil_masterkey_ads_up
xanim,viewmodel_galil_masterkey_d2p_in
xanim,viewmodel_galil_masterkey_d2p_loop
xanim,viewmodel_galil_masterkey_d2p_out
xanim,viewmodel_galil_masterkey_fire
xanim,viewmodel_galil_masterkey_first_raise
xanim,viewmodel_galil_masterkey_from_mk
xanim,viewmodel_galil_masterkey_idle_loop
xanim,viewmodel_galil_masterkey_mk_ads_down
xanim,viewmodel_galil_masterkey_mk_ads_up
xanim,viewmodel_galil_masterkey_mk_d2p_in
xanim,viewmodel_galil_masterkey_mk_d2p_loop
xanim,viewmodel_galil_masterkey_mk_d2p_out
xanim,viewmodel_galil_masterkey_mk_fire
xanim,viewmodel_galil_masterkey_mk_idle_loop
xanim,viewmodel_galil_masterkey_mk_pullout
xanim,viewmodel_galil_masterkey_mk_putaway
xanim,viewmodel_galil_masterkey_mk_rechamber
xanim,viewmodel_galil_masterkey_mk_reload_in
xanim,viewmodel_galil_masterkey_mk_reload_loop
xanim,viewmodel_galil_masterkey_mk_reload_out
xanim,viewmodel_galil_masterkey_mk_sprint_in
xanim,viewmodel_galil_masterkey_mk_sprint_loop
xanim,viewmodel_galil_masterkey_mk_sprint_out
xanim,viewmodel_galil_masterkey_pullout
xanim,viewmodel_galil_masterkey_pullout_quick
xanim,viewmodel_galil_masterkey_putaway
xanim,viewmodel_galil_masterkey_putaway_quick
xanim,viewmodel_galil_masterkey_reload
xanim,viewmodel_galil_masterkey_reload_empty
xanim,viewmodel_galil_masterkey_sprint_in
xanim,viewmodel_galil_masterkey_sprint_loop
xanim,viewmodel_galil_masterkey_sprint_out
xanim,viewmodel_galil_masterkey_to_mk
xanim,viewmodel_galil_pullout
xanim,viewmodel_galil_pullout_quick
xanim,viewmodel_galil_putaway
xanim,viewmodel_galil_putaway_quick
xanim,viewmodel_galil_reload
xanim,viewmodel_galil_reload_empty
xanim,viewmodel_galil_sprint_in
xanim,viewmodel_galil_sprint_loop
xanim,viewmodel_galil_sprint_out
xanim,viewmodel_hatchet_idle
xanim,viewmodel_hatchet_throw
xanim,viewmodel_hk21_acog_ads_down
xanim,viewmodel_hk21_acog_ads_up
xanim,viewmodel_hk21_ads_down
xanim,viewmodel_hk21_ads_fire
xanim,viewmodel_hk21_ads_up
xanim,viewmodel_hk21_aimpoint_ads_down
xanim,viewmodel_hk21_aimpoint_ads_up
xanim,viewmodel_hk21_d2p_in
xanim,viewmodel_hk21_d2p_loop
xanim,viewmodel_hk21_d2p_out
xanim,viewmodel_hk21_elbit_ads_down
xanim,viewmodel_hk21_elbit_ads_up
xanim,viewmodel_hk21_extclip_reload
xanim,viewmodel_hk21_extclip_reload_empty
xanim,viewmodel_hk21_fire
xanim,viewmodel_hk21_first_raise
xanim,viewmodel_hk21_idle
xanim,viewmodel_hk21_ir_ads_down
xanim,viewmodel_hk21_ir_ads_up
xanim,viewmodel_hk21_pullout
xanim,viewmodel_hk21_pullout_quick
xanim,viewmodel_hk21_putaway
xanim,viewmodel_hk21_putaway_quick
xanim,viewmodel_hk21_reload
xanim,viewmodel_hk21_reload_empty
xanim,viewmodel_hk21_sprint_in
xanim,viewmodel_hk21_sprint_loop
xanim,viewmodel_hk21_sprint_out
xanim,viewmodel_hs10_ads_down
xanim,viewmodel_hs10_ads_fire
xanim,viewmodel_hs10_ads_up
xanim,viewmodel_hs10_d2p_in
xanim,viewmodel_hs10_d2p_loop
xanim,viewmodel_hs10_d2p_out
xanim,viewmodel_hs10_dw_full_ads_down
xanim,viewmodel_hs10_dw_full_ads_up
xanim,viewmodel_hs10_dw_full_d2p_in
xanim,viewmodel_hs10_dw_full_d2p_loop
xanim,viewmodel_hs10_dw_full_d2p_out
xanim,viewmodel_hs10_dw_full_pullout
xanim,viewmodel_hs10_dw_full_pullout_quick
xanim,viewmodel_hs10_dw_full_putaway
xanim,viewmodel_hs10_dw_full_putaway_quick
xanim,viewmodel_hs10_dw_full_sprint_in
xanim,viewmodel_hs10_dw_full_sprint_loop
xanim,viewmodel_hs10_dw_full_sprint_out
xanim,viewmodel_hs10_dw_left_fire
xanim,viewmodel_hs10_dw_left_idle_loop
xanim,viewmodel_hs10_dw_left_reload
xanim,viewmodel_hs10_dw_left_reload_empty
xanim,viewmodel_hs10_dw_right_fire
xanim,viewmodel_hs10_dw_right_idle_loop
xanim,viewmodel_hs10_dw_right_reload
xanim,viewmodel_hs10_dw_right_reload_empty
xanim,viewmodel_hs10_fire
xanim,viewmodel_hs10_first_raise
xanim,viewmodel_hs10_idle_loop
xanim,viewmodel_hs10_pullout
xanim,viewmodel_hs10_pullout_quick
xanim,viewmodel_hs10_putaway
xanim,viewmodel_hs10_putaway_quick
xanim,viewmodel_hs10_reload_in
xanim,viewmodel_hs10_reload_loop
xanim,viewmodel_hs10_reload_out
xanim,viewmodel_hs10_sprint_in
xanim,viewmodel_hs10_sprint_loop
xanim,viewmodel_hs10_sprint_out
xanim,viewmodel_ithaca_ads_down
xanim,viewmodel_ithaca_ads_fire
xanim,viewmodel_ithaca_ads_rechamber
xanim,viewmodel_ithaca_ads_up
xanim,viewmodel_ithaca_d2p_in
xanim,viewmodel_ithaca_d2p_loop
xanim,viewmodel_ithaca_d2p_out
xanim,viewmodel_ithaca_fire
xanim,viewmodel_ithaca_first_raise
xanim,viewmodel_ithaca_grip_ads_down
xanim,viewmodel_ithaca_grip_ads_fire
xanim,viewmodel_ithaca_grip_ads_rechamber
xanim,viewmodel_ithaca_grip_ads_up
xanim,viewmodel_ithaca_grip_d2p_in
xanim,viewmodel_ithaca_grip_d2p_loop
xanim,viewmodel_ithaca_grip_d2p_out
xanim,viewmodel_ithaca_grip_fire
xanim,viewmodel_ithaca_grip_idle_loop
xanim,viewmodel_ithaca_grip_pullout
xanim,viewmodel_ithaca_grip_pullout_quick
xanim,viewmodel_ithaca_grip_putaway
xanim,viewmodel_ithaca_grip_putaway_quick
xanim,viewmodel_ithaca_grip_rechamber
xanim,viewmodel_ithaca_grip_reload_in
xanim,viewmodel_ithaca_grip_reload_loop
xanim,viewmodel_ithaca_grip_reload_out
xanim,viewmodel_ithaca_grip_sprint_in
xanim,viewmodel_ithaca_grip_sprint_loop
xanim,viewmodel_ithaca_grip_sprint_out
xanim,viewmodel_ithaca_idle
xanim,viewmodel_ithaca_pullout
xanim,viewmodel_ithaca_pullout_quick
xanim,viewmodel_ithaca_putaway
xanim,viewmodel_ithaca_putaway_quick
xanim,viewmodel_ithaca_rechamber
xanim,viewmodel_ithaca_reload_in
xanim,viewmodel_ithaca_reload_loop
xanim,viewmodel_ithaca_reload_out
xanim,viewmodel_ithaca_sprint_in
xanim,viewmodel_ithaca_sprint_loop
xanim,viewmodel_ithaca_sprint_out
xanim,viewmodel_kiparis_acog_ads_down
xanim,viewmodel_kiparis_acog_ads_up
xanim,viewmodel_kiparis_aimpoint_ads_down
xanim,viewmodel_kiparis_aimpoint_ads_up
xanim,viewmodel_kiparis_dw_full_ads_down
xanim,viewmodel_kiparis_dw_full_ads_up
xanim,viewmodel_kiparis_dw_full_d2p_in
xanim,viewmodel_kiparis_dw_full_d2p_loop
xanim,viewmodel_kiparis_dw_full_d2p_out
xanim,viewmodel_kiparis_dw_full_first_raise
xanim,viewmodel_kiparis_dw_full_pullout
xanim,viewmodel_kiparis_dw_full_putaway
xanim,viewmodel_kiparis_dw_full_sprint_in
xanim,viewmodel_kiparis_dw_full_sprint_loop
xanim,viewmodel_kiparis_dw_full_sprint_out
xanim,viewmodel_kiparis_dw_leftarm_fire
xanim,viewmodel_kiparis_dw_leftarm_idle_loop
xanim,viewmodel_kiparis_dw_leftarm_reload
xanim,viewmodel_kiparis_dw_leftarm_reload_empty
xanim,viewmodel_kiparis_dw_rightarm_fire
xanim,viewmodel_kiparis_dw_rightarm_idle_loop
xanim,viewmodel_kiparis_dw_rightarm_reload
xanim,viewmodel_kiparis_elbit_ads_down
xanim,viewmodel_kiparis_elbit_ads_up
xanim,viewmodel_kiparis_extclip_reload
xanim,viewmodel_kiparis_extclip_reload_empty
xanim,viewmodel_kiparis_grip_ads_down
xanim,viewmodel_kiparis_grip_ads_fire
xanim,viewmodel_kiparis_grip_ads_up
xanim,viewmodel_kiparis_grip_d2p_in
xanim,viewmodel_kiparis_grip_d2p_loop
xanim,viewmodel_kiparis_grip_d2p_out
xanim,viewmodel_kiparis_grip_fire
xanim,viewmodel_kiparis_grip_first_raise
xanim,viewmodel_kiparis_grip_idle
xanim,viewmodel_kiparis_grip_pullout
xanim,viewmodel_kiparis_grip_putaway
xanim,viewmodel_kiparis_grip_reload
xanim,viewmodel_kiparis_grip_reload_empty
xanim,viewmodel_kiparis_grip_sprint_in
xanim,viewmodel_kiparis_grip_sprint_loop
xanim,viewmodel_kiparis_grip_sprint_out
xanim,viewmodel_kiparis_sw_ads_down
xanim,viewmodel_kiparis_sw_ads_fire
xanim,viewmodel_kiparis_sw_ads_up
xanim,viewmodel_kiparis_sw_d2p_in
xanim,viewmodel_kiparis_sw_d2p_loop
xanim,viewmodel_kiparis_sw_d2p_out
xanim,viewmodel_kiparis_sw_fire
xanim,viewmodel_kiparis_sw_idle
xanim,viewmodel_kiparis_sw_pullout
xanim,viewmodel_kiparis_sw_putaway
xanim,viewmodel_kiparis_sw_reload
xanim,viewmodel_kiparis_sw_reload_empty
xanim,viewmodel_kiparis_sw_sprint_in
xanim,viewmodel_kiparis_sw_sprint_loop
xanim,viewmodel_kiparis_sw_sprint_out
xanim,viewmodel_l96a1_acog_ads_down
xanim,viewmodel_l96a1_acog_ads_up
xanim,viewmodel_l96a1_ads_down
xanim,viewmodel_l96a1_ads_fire
xanim,viewmodel_l96a1_ads_rechamber
xanim,viewmodel_l96a1_ads_up
xanim,viewmodel_l96a1_d2p_in
xanim,viewmodel_l96a1_d2p_loop
xanim,viewmodel_l96a1_d2p_out
xanim,viewmodel_l96a1_extclip_reload
xanim,viewmodel_l96a1_extclip_reload_empty
xanim,viewmodel_l96a1_fire
xanim,viewmodel_l96a1_first_raise
xanim,viewmodel_l96a1_idle_loop
xanim,viewmodel_l96a1_ir_ads_down
xanim,viewmodel_l96a1_ir_ads_up
xanim,viewmodel_l96a1_pullout
xanim,viewmodel_l96a1_pullout_quick
xanim,viewmodel_l96a1_putaway
xanim,viewmodel_l96a1_putaway_quick
xanim,viewmodel_l96a1_rechamber
xanim,viewmodel_l96a1_reload
xanim,viewmodel_l96a1_reload_empty
xanim,viewmodel_l96a1_rfscope_ads_down
xanim,viewmodel_l96a1_rfscope_ads_up
xanim,viewmodel_l96a1_sprint_in
xanim,viewmodel_l96a1_sprint_loop
xanim,viewmodel_l96a1_sprint_out
xanim,viewmodel_m14_acog_ads_down
xanim,viewmodel_m14_acog_ads_up
xanim,viewmodel_m14_ads_down
xanim,viewmodel_m14_ads_fire
xanim,viewmodel_m14_ads_up
xanim,viewmodel_m14_aimpoint_ads_down
xanim,viewmodel_m14_aimpoint_ads_up
xanim,viewmodel_m14_d2p_in
xanim,viewmodel_m14_d2p_loop
xanim,viewmodel_m14_d2p_out
xanim,viewmodel_m14_elbit_ads_down
xanim,viewmodel_m14_elbit_ads_up
xanim,viewmodel_m14_fire
xanim,viewmodel_m14_first_raise
xanim,viewmodel_m14_flame_ads_down
xanim,viewmodel_m14_flame_ads_fire
xanim,viewmodel_m14_flame_ads_up
xanim,viewmodel_m14_flame_d2p_in
xanim,viewmodel_m14_flame_d2p_loop
xanim,viewmodel_m14_flame_d2p_out
xanim,viewmodel_m14_flame_fire
xanim,viewmodel_m14_flame_first_raise
xanim,viewmodel_m14_flame_from_ft
xanim,viewmodel_m14_flame_idle
xanim,viewmodel_m14_flame_pullout
xanim,viewmodel_m14_flame_pullout_quick
xanim,viewmodel_m14_flame_putaway
xanim,viewmodel_m14_flame_putaway_quick
xanim,viewmodel_m14_flame_reload
xanim,viewmodel_m14_flame_reload_empty
xanim,viewmodel_m14_flame_sprint_in
xanim,viewmodel_m14_flame_sprint_loop
xanim,viewmodel_m14_flame_sprint_out
xanim,viewmodel_m14_grenadier_ads_down
xanim,viewmodel_m14_grenadier_ads_fire
xanim,viewmodel_m14_grenadier_ads_up
xanim,viewmodel_m14_grenadier_d2p_in
xanim,viewmodel_m14_grenadier_d2p_loop
xanim,viewmodel_m14_grenadier_d2p_out
xanim,viewmodel_m14_grenadier_fire
xanim,viewmodel_m14_grenadier_first_raise
xanim,viewmodel_m14_grenadier_fromgrenade
xanim,viewmodel_m14_grenadier_idle
xanim,viewmodel_m14_grenadier_last_shot
xanim,viewmodel_m14_grenadier_pullout
xanim,viewmodel_m14_grenadier_pullout_quick
xanim,viewmodel_m14_grenadier_putaway
xanim,viewmodel_m14_grenadier_putaway_quick
xanim,viewmodel_m14_grenadier_reload
xanim,viewmodel_m14_grenadier_reload_empty
xanim,viewmodel_m14_grenadier_sprint_in
xanim,viewmodel_m14_grenadier_sprint_loop
xanim,viewmodel_m14_grenadier_sprint_out
xanim,viewmodel_m14_grip_ads_down
xanim,viewmodel_m14_grip_ads_fire
xanim,viewmodel_m14_grip_ads_up
xanim,viewmodel_m14_grip_d2p_in
xanim,viewmodel_m14_grip_d2p_loop
xanim,viewmodel_m14_grip_d2p_out
xanim,viewmodel_m14_grip_fire
xanim,viewmodel_m14_grip_first_raise
xanim,viewmodel_m14_grip_idle_loop
xanim,viewmodel_m14_grip_last_shot
xanim,viewmodel_m14_grip_pullout
xanim,viewmodel_m14_grip_pullout_quick
xanim,viewmodel_m14_grip_putaway
xanim,viewmodel_m14_grip_putaway_quick
xanim,viewmodel_m14_grip_reload
xanim,viewmodel_m14_grip_reload_empty
xanim,viewmodel_m14_grip_sprint_in
xanim,viewmodel_m14_grip_sprint_loop
xanim,viewmodel_m14_grip_sprint_out
xanim,viewmodel_m14_idle_loop
xanim,viewmodel_m14_ir_ads_down
xanim,viewmodel_m14_ir_ads_up
xanim,viewmodel_m14_last_shot
xanim,viewmodel_m14_masterkey_ads_down
xanim,viewmodel_m14_masterkey_ads_fire
xanim,viewmodel_m14_masterkey_ads_up
xanim,viewmodel_m14_masterkey_d2p_in
xanim,viewmodel_m14_masterkey_d2p_loop
xanim,viewmodel_m14_masterkey_d2p_out
xanim,viewmodel_m14_masterkey_fire
xanim,viewmodel_m14_masterkey_first_raise
xanim,viewmodel_m14_masterkey_from_mk
xanim,viewmodel_m14_masterkey_idle
xanim,viewmodel_m14_masterkey_last_shot
xanim,viewmodel_m14_masterkey_mk_d2p_in
xanim,viewmodel_m14_masterkey_mk_d2p_loop
xanim,viewmodel_m14_masterkey_mk_d2p_out
xanim,viewmodel_m14_masterkey_mk_fire
xanim,viewmodel_m14_masterkey_mk_idle
xanim,viewmodel_m14_masterkey_mk_pullout
xanim,viewmodel_m14_masterkey_mk_putaway
xanim,viewmodel_m14_masterkey_mk_rechamber
xanim,viewmodel_m14_masterkey_mk_reload_in
xanim,viewmodel_m14_masterkey_mk_reload_loop
xanim,viewmodel_m14_masterkey_mk_reload_out
xanim,viewmodel_m14_masterkey_mk_sprint_in
xanim,viewmodel_m14_masterkey_mk_sprint_loop
xanim,viewmodel_m14_masterkey_mk_sprint_out
xanim,viewmodel_m14_masterkey_pullout
xanim,viewmodel_m14_masterkey_pullout_quick
xanim,viewmodel_m14_masterkey_putaway
xanim,viewmodel_m14_masterkey_putaway_quick
xanim,viewmodel_m14_masterkey_reload
xanim,viewmodel_m14_masterkey_reload_empty
xanim,viewmodel_m14_masterkey_sprint_in
xanim,viewmodel_m14_masterkey_sprint_loop
xanim,viewmodel_m14_masterkey_sprint_out
xanim,viewmodel_m14_masterkey_to_mk
xanim,viewmodel_m14_pullout
xanim,viewmodel_m14_pullout_quick
xanim,viewmodel_m14_putaway
xanim,viewmodel_m14_putaway_quick
xanim,viewmodel_m14_reload
xanim,viewmodel_m14_reload_empty
xanim,viewmodel_m14_sprint_in
xanim,viewmodel_m14_sprint_loop
xanim,viewmodel_m14_sprint_out
xanim,viewmodel_ak47_flame_ft_ads_down
xanim,viewmodel_ak47_flame_ft_ads_up
xanim,viewmodel_ak47_flame_ft_d2p_in
xanim,viewmodel_ak47_flame_ft_d2p_loop
xanim,viewmodel_ak47_flame_ft_d2p_out
xanim,viewmodel_ak47_flame_ft_fire
xanim,viewmodel_ak47_flame_ft_idle_loop
xanim,viewmodel_ak47_flame_ft_pullout
xanim,viewmodel_ak47_flame_ft_putaway
xanim,viewmodel_ak47_flame_ft_reload
xanim,viewmodel_ak47_flame_ft_sprint_in
xanim,viewmodel_ak47_flame_ft_sprint_loop
xanim,viewmodel_ak47_flame_ft_sprint_out
xanim,viewmodel_ak47_flame_to_ft
xanim,viewmodel_aug_flame_ft_ads_down
xanim,viewmodel_aug_flame_ft_ads_up
xanim,viewmodel_aug_flame_ft_d2p_in
xanim,viewmodel_aug_flame_ft_d2p_loop
xanim,viewmodel_aug_flame_ft_d2p_out
xanim,viewmodel_aug_flame_ft_fire
xanim,viewmodel_aug_flame_ft_idle
xanim,viewmodel_aug_flame_ft_pullout_quick
xanim,viewmodel_aug_flame_ft_putaway_quick
xanim,viewmodel_aug_flame_ft_reload
xanim,viewmodel_aug_flame_ft_sprint_in
xanim,viewmodel_aug_flame_ft_sprint_loop
xanim,viewmodel_aug_flame_ft_sprint_out
xanim,viewmodel_aug_flame_toflame
xanim,viewmodel_b_knife_ads_down
xanim,viewmodel_b_knife_ads_up
xanim,viewmodel_b_knife_d2p_in
xanim,viewmodel_b_knife_d2p_loop
xanim,viewmodel_b_knife_d2p_out
xanim,viewmodel_b_knife_fire
xanim,viewmodel_b_knife_first_raise
xanim,viewmodel_b_knife_idle_loop
xanim,viewmodel_b_knife_melee_stick
xanim,viewmodel_b_knife_melee_swipe
xanim,viewmodel_b_knife_pullout
xanim,viewmodel_b_knife_pullout_quick
xanim,viewmodel_b_knife_putaway
xanim,viewmodel_b_knife_reload
xanim,viewmodel_b_knife_sprint_in
xanim,viewmodel_b_knife_sprint_loop
xanim,viewmodel_b_knife_sprint_out
xanim,viewmodel_commando_flame_ft_ads_down
xanim,viewmodel_commando_flame_ft_ads_up
xanim,viewmodel_commando_flame_ft_d2p_in
xanim,viewmodel_commando_flame_ft_d2p_loop
xanim,viewmodel_commando_flame_ft_d2p_out
xanim,viewmodel_commando_flame_ft_fire
xanim,viewmodel_commando_flame_ft_idle_loop
xanim,viewmodel_commando_flame_ft_pullout
xanim,viewmodel_commando_flame_ft_putaway
xanim,viewmodel_commando_flame_ft_reload
xanim,viewmodel_commando_flame_ft_sprint_in
xanim,viewmodel_commando_flame_ft_sprint_loop
xanim,viewmodel_commando_flame_ft_sprint_out
xanim,viewmodel_commando_flame_to_ft
xanim,viewmodel_enfield_flame_ft_ads_down
xanim,viewmodel_enfield_flame_ft_ads_up
xanim,viewmodel_enfield_flame_ft_d2p_in
xanim,viewmodel_enfield_flame_ft_d2p_loop
xanim,viewmodel_enfield_flame_ft_d2p_out
xanim,viewmodel_enfield_flame_ft_fire
xanim,viewmodel_enfield_flame_ft_idle
xanim,viewmodel_enfield_flame_ft_pullout
xanim,viewmodel_enfield_flame_ft_putaway
xanim,viewmodel_enfield_flame_ft_reload
xanim,viewmodel_enfield_flame_ft_sprint_in
xanim,viewmodel_enfield_flame_ft_sprint_loop
xanim,viewmodel_enfield_flame_ft_sprint_out
xanim,viewmodel_enfield_flame_to_ft
xanim,viewmodel_famas_flame_ft_ads_down
xanim,viewmodel_famas_flame_ft_ads_up
xanim,viewmodel_famas_flame_ft_d2p_in
xanim,viewmodel_famas_flame_ft_d2p_loop
xanim,viewmodel_famas_flame_ft_d2p_out
xanim,viewmodel_famas_flame_ft_fire
xanim,viewmodel_famas_flame_ft_idle
xanim,viewmodel_famas_flame_ft_pullout
xanim,viewmodel_famas_flame_ft_putaway
xanim,viewmodel_famas_flame_ft_reload
xanim,viewmodel_famas_flame_ft_sprint_in
xanim,viewmodel_famas_flame_ft_sprint_loop
xanim,viewmodel_famas_flame_ft_sprint_out
xanim,viewmodel_famas_flame_to_ft
xanim,viewmodel_fn_fal_flame_ft_ads_down
xanim,viewmodel_fn_fal_flame_ft_ads_up
xanim,viewmodel_fn_fal_flame_ft_d2p_in
xanim,viewmodel_fn_fal_flame_ft_d2p_loop
xanim,viewmodel_fn_fal_flame_ft_d2p_out
xanim,viewmodel_fn_fal_flame_ft_idle
xanim,viewmodel_fn_fal_flame_ft_idle_loop
xanim,viewmodel_fn_fal_flame_ft_pullout
xanim,viewmodel_fn_fal_flame_ft_putaway
xanim,viewmodel_fn_fal_flame_ft_reload
xanim,viewmodel_fn_fal_flame_ft_sprint_in
xanim,viewmodel_fn_fal_flame_ft_sprint_loop
xanim,viewmodel_fn_fal_flame_ft_sprint_out
xanim,viewmodel_fn_fal_flame_to_ft
xanim,viewmodel_galil_flame_ft_ads_down
xanim,viewmodel_galil_flame_ft_ads_up
xanim,viewmodel_galil_flame_ft_d2p_in
xanim,viewmodel_galil_flame_ft_d2p_loop
xanim,viewmodel_galil_flame_ft_d2p_out
xanim,viewmodel_galil_flame_ft_idle
xanim,viewmodel_galil_flame_ft_idle_loop
xanim,viewmodel_galil_flame_ft_pullout
xanim,viewmodel_galil_flame_ft_putaway
xanim,viewmodel_galil_flame_ft_reload
xanim,viewmodel_galil_flame_ft_sprint_in
xanim,viewmodel_galil_flame_ft_sprint_loop
xanim,viewmodel_galil_flame_ft_sprint_out
xanim,viewmodel_galil_flame_to_ft
xanim,viewmodel_m14_flame_ft_ads_down
xanim,viewmodel_m14_flame_ft_ads_up
xanim,viewmodel_m14_flame_ft_d2p_in
xanim,viewmodel_m14_flame_ft_d2p_loop
xanim,viewmodel_m14_flame_ft_d2p_out
xanim,viewmodel_m14_flame_ft_idle
xanim,viewmodel_m14_flame_ft_idle_loop
xanim,viewmodel_m14_flame_ft_pullout
xanim,viewmodel_m14_flame_ft_putaway
xanim,viewmodel_m14_flame_ft_reload
xanim,viewmodel_m14_flame_ft_sprint_in
xanim,viewmodel_m14_flame_ft_sprint_loop
xanim,viewmodel_m14_flame_ft_sprint_out
xanim,viewmodel_m14_flame_to_ft
xanim,viewmodel_m16a1_acog_ads_down
xanim,viewmodel_m16a1_acog_ads_up
xanim,viewmodel_m16a1_aimpoint_ads_down
xanim,viewmodel_m16a1_aimpoint_ads_up
xanim,viewmodel_m16a1_dualclip_reload
xanim,viewmodel_m16a1_dualclip_reload_empty
xanim,viewmodel_m16a1_dualclip_reload_empty_quick
xanim,viewmodel_m16a1_dualclip_reload_quick
xanim,viewmodel_m16a1_elbit_ads_down
xanim,viewmodel_m16a1_elbit_ads_up
xanim,viewmodel_m16a1_extclip_reload
xanim,viewmodel_m16a1_extclip_reload_empty
xanim,viewmodel_m16a1_flame_ads_down
xanim,viewmodel_m16a1_flame_ads_fire
xanim,viewmodel_m16a1_flame_ads_up
xanim,viewmodel_m16a1_flame_d2p_in
xanim,viewmodel_m16a1_flame_d2p_loop
xanim,viewmodel_m16a1_flame_d2p_out
xanim,viewmodel_m16a1_flame_fire
xanim,viewmodel_m16a1_flame_first_raise
xanim,viewmodel_m16a1_flame_from_ft
xanim,viewmodel_m16a1_flame_ft_ads_down
xanim,viewmodel_m16a1_flame_ft_ads_up
xanim,viewmodel_m16a1_flame_ft_d2p_in
xanim,viewmodel_m16a1_flame_ft_d2p_loop
xanim,viewmodel_m16a1_flame_ft_d2p_out
xanim,viewmodel_m16a1_flame_ft_idle
xanim,viewmodel_m16a1_flame_ft_idle_loop
xanim,viewmodel_m16a1_flame_ft_pullout
xanim,viewmodel_m16a1_flame_ft_putaway
xanim,viewmodel_m16a1_flame_ft_reload
xanim,viewmodel_m16a1_flame_ft_sprint_in
xanim,viewmodel_m16a1_flame_ft_sprint_loop
xanim,viewmodel_m16a1_flame_ft_sprint_out
xanim,viewmodel_m16a1_flame_idle
xanim,viewmodel_m16a1_flame_pullout
xanim,viewmodel_m16a1_flame_pullout_quick
xanim,viewmodel_m16a1_flame_putaway
xanim,viewmodel_m16a1_flame_putaway_quick
xanim,viewmodel_m16a1_flame_reload
xanim,viewmodel_m16a1_flame_reload_empty
xanim,viewmodel_m16a1_flame_sprint_in
xanim,viewmodel_m16a1_flame_sprint_loop
xanim,viewmodel_m16a1_flame_sprint_out
xanim,viewmodel_m16a1_flame_to_ft
xanim,viewmodel_m16a1_grenadier_ads_down
xanim,viewmodel_m16a1_grenadier_ads_fire
xanim,viewmodel_m16a1_grenadier_ads_up
xanim,viewmodel_m16a1_grenadier_d2p_in
xanim,viewmodel_m16a1_grenadier_d2p_loop
xanim,viewmodel_m16a1_grenadier_d2p_out
xanim,viewmodel_m16a1_grenadier_fire
xanim,viewmodel_m16a1_grenadier_first_raise
xanim,viewmodel_m16a1_grenadier_fromgrenade
xanim,viewmodel_m16a1_grenadier_idle
xanim,viewmodel_m16a1_grenadier_pullout
xanim,viewmodel_m16a1_grenadier_pullout_quick
xanim,viewmodel_m16a1_grenadier_putaway
xanim,viewmodel_m16a1_grenadier_putaway_quick
xanim,viewmodel_m16a1_grenadier_reload
xanim,viewmodel_m16a1_grenadier_reload_empty
xanim,viewmodel_m16a1_grenadier_sprint_in
xanim,viewmodel_m16a1_grenadier_sprint_loop
xanim,viewmodel_m16a1_grenadier_sprint_out
xanim,viewmodel_m16a1_ir_ads_down
xanim,viewmodel_m16a1_ir_ads_up
xanim,viewmodel_m16a1_masterkey_ads_down
xanim,viewmodel_m16a1_masterkey_ads_fire
xanim,viewmodel_m16a1_masterkey_ads_up
xanim,viewmodel_m16a1_masterkey_d2p_in
xanim,viewmodel_m16a1_masterkey_d2p_loop
xanim,viewmodel_m16a1_masterkey_d2p_out
xanim,viewmodel_m16a1_masterkey_fire
xanim,viewmodel_m16a1_masterkey_first_raise
xanim,viewmodel_m16a1_masterkey_from_mk
xanim,viewmodel_m16a1_masterkey_idle
xanim,viewmodel_m16a1_masterkey_pullout
xanim,viewmodel_m16a1_masterkey_pullout_quick
xanim,viewmodel_m16a1_masterkey_putaway
xanim,viewmodel_m16a1_masterkey_putaway_quick
xanim,viewmodel_m16a1_masterkey_reload
xanim,viewmodel_m16a1_masterkey_reload_empty
xanim,viewmodel_m16a1_masterkey_sprint_in
xanim,viewmodel_m16a1_masterkey_sprint_loop
xanim,viewmodel_m16a1_masterkey_sprint_out
xanim,viewmodel_m4m203_knife_melee_1
xanim,viewmodel_m4m203_knife_melee_2
xanim,viewmodel_vorkuta_empty_hands
xanim,viewmodel_m16a1_masterkey_mk_ads_down
xanim,viewmodel_m16a1_masterkey_mk_ads_up
xanim,viewmodel_m16a1_masterkey_mk_d2p_in
xanim,viewmodel_m16a1_masterkey_mk_d2p_loop
xanim,viewmodel_m16a1_masterkey_mk_d2p_out
xanim,viewmodel_m16a1_masterkey_mk_fire
xanim,viewmodel_m16a1_masterkey_mk_idle
xanim,viewmodel_m16a1_masterkey_mk_pullout
xanim,viewmodel_m16a1_masterkey_mk_putaway
xanim,viewmodel_m16a1_masterkey_mk_rechamber
xanim,viewmodel_m16a1_masterkey_mk_reload_in
xanim,viewmodel_m16a1_masterkey_mk_reload_loop
xanim,viewmodel_m16a1_masterkey_mk_reload_out
xanim,viewmodel_m16a1_masterkey_mk_sprint_in
xanim,viewmodel_m16a1_masterkey_mk_sprint_loop
xanim,viewmodel_m16a1_masterkey_mk_sprint_out
xanim,viewmodel_m16a1_masterkey_to_mk
xanim,t5_viewmodel_camera_dtp_in
xanim,t5_viewmodel_camera_dtp_loop
xanim,t5_viewmodel_camera_dtp_out
xanim,t5_viewmodel_camera_mantle
xanim,viewmodel_m16a1_ads_down
xanim,viewmodel_m16a1_ads_fire
xanim,viewmodel_m16a1_ads_up
xanim,viewmodel_m16a1_d2p_in
xanim,viewmodel_m16a1_d2p_loop
xanim,viewmodel_m16a1_d2p_out
xanim,viewmodel_m16a1_fire
xanim,viewmodel_m16a1_first_raise
xanim,viewmodel_m16a1_idle
xanim,viewmodel_m16a1_pullout
xanim,viewmodel_m16a1_pullout_quick
xanim,viewmodel_m16a1_putaway
xanim,viewmodel_m16a1_putaway_quick
xanim,viewmodel_m16a1_reload
xanim,viewmodel_m16a1_reload_empty
xanim,viewmodel_m16a1_sprint_in
xanim,viewmodel_m16a1_sprint_loop
xanim,viewmodel_m16a1_sprint_out
xanim,viewmodel_m202_ads_down
xanim,viewmodel_m202_ads_up
xanim,viewmodel_m202_d2p_in
xanim,viewmodel_m202_d2p_loop
xanim,viewmodel_m202_d2p_out
xanim,viewmodel_m202_fire
xanim,viewmodel_m202_idle_loop
xanim,viewmodel_m202_pullout
xanim,viewmodel_m202_pullout_quick
xanim,viewmodel_m202_putaway
xanim,viewmodel_m202_putaway_quick
xanim,viewmodel_m202_reload_empty
xanim,viewmodel_m202_sprint_in
xanim,viewmodel_m202_sprint_loop
xanim,viewmodel_m202_sprint_out
xanim,viewmodel_m60_acog_ads_down
xanim,viewmodel_m60_acog_ads_up
xanim,viewmodel_m60_ads_down
xanim,viewmodel_m60_ads_fire
xanim,viewmodel_m60_ads_up
xanim,viewmodel_m60_aimpoint_ads_down
xanim,viewmodel_m60_aimpoint_ads_up
xanim,viewmodel_m60_d2p_in
xanim,viewmodel_m60_d2p_loop
xanim,viewmodel_m60_d2p_out
xanim,viewmodel_m60_elbit_ads_down
xanim,viewmodel_m60_elbit_ads_up
xanim,viewmodel_m60_fire
xanim,viewmodel_m60_first_raise
xanim,viewmodel_m60_grip_ads_down
xanim,viewmodel_m60_grip_ads_fire
xanim,viewmodel_m60_grip_ads_up
xanim,viewmodel_m60_grip_d2p_in
xanim,viewmodel_m60_grip_d2p_loop
xanim,viewmodel_m60_grip_d2p_out
xanim,viewmodel_m60_grip_fire
xanim,viewmodel_m60_grip_idle
xanim,viewmodel_m60_grip_pullout
xanim,viewmodel_m60_grip_putaway
xanim,viewmodel_m60_grip_reload
xanim,viewmodel_m60_grip_sprint_in
xanim,viewmodel_m60_grip_sprint_loop
xanim,viewmodel_m60_grip_sprint_out
xanim,viewmodel_m60_idle_loop
xanim,viewmodel_m60_ir_ads_down
xanim,viewmodel_m60_ir_ads_up
xanim,viewmodel_m60_pullout
xanim,viewmodel_m60_putaway
xanim,viewmodel_m60_reload
xanim,viewmodel_m60_sprint_in
xanim,viewmodel_m60_sprint_loop
xanim,viewmodel_m60_sprint_out
xanim,viewmodel_m67_pickup_livenade
xanim,viewmodel_m67_throw
xanim,viewmodel_m72_law_ads_down
xanim,viewmodel_m72_law_ads_up
xanim,viewmodel_m72_law_d2p_in
xanim,viewmodel_m72_law_d2p_loop
xanim,viewmodel_m72_law_d2p_out
xanim,viewmodel_m72_law_fire
xanim,viewmodel_m72_law_first_raise
xanim,viewmodel_m72_law_idle
xanim,viewmodel_m72_law_mantle
xanim,viewmodel_m72_law_pullout
xanim,viewmodel_m72_law_pullout_quick
xanim,viewmodel_m72_law_putaway
xanim,viewmodel_m72_law_putaway_quick
xanim,viewmodel_m72_law_reload
xanim,viewmodel_m72_law_sprint_in
xanim,viewmodel_m72_law_sprint_loop
xanim,viewmodel_m72_law_sprint_out
xanim,viewmodel_m84_idle
xanim,viewmodel_m84_pullpin
xanim,viewmodel_m84_throw
xanim,viewmodel_mac11_aimpoint_ads_down
xanim,viewmodel_mac11_aimpoint_ads_up
xanim,viewmodel_mac11_dw_full_ads_down
xanim,viewmodel_mac11_dw_full_ads_up
xanim,viewmodel_mac11_dw_full_d2p_in
xanim,viewmodel_mac11_dw_full_d2p_loop
xanim,viewmodel_mac11_dw_full_d2p_out
xanim,viewmodel_mac11_dw_full_pullout
xanim,viewmodel_mac11_dw_full_pullout_quick
xanim,viewmodel_mac11_dw_full_putaway
xanim,viewmodel_mac11_dw_full_sprint_in
xanim,viewmodel_mac11_dw_full_sprint_loop
xanim,viewmodel_mac11_dw_full_sprint_out
xanim,viewmodel_mac11_dw_leftarm_fire
xanim,viewmodel_mac11_dw_leftarm_idle_loop
xanim,viewmodel_mac11_dw_leftarm_reload
xanim,viewmodel_mac11_dw_leftarm_reload_empty
xanim,viewmodel_mac11_dw_rightarm_fire
xanim,viewmodel_mac11_dw_rightarm_idle_loop
xanim,viewmodel_mac11_dw_rightarm_reload
xanim,viewmodel_mac11_dw_rightarm_reload_empty
xanim,viewmodel_mac11_elbit_ads_down
xanim,viewmodel_mac11_elbit_ads_up
xanim,viewmodel_mac11_extclip_reload
xanim,viewmodel_mac11_extclip_reload_empty
xanim,viewmodel_mac11_grip_ads_down
xanim,viewmodel_mac11_grip_ads_fire
xanim,viewmodel_mac11_grip_ads_up
xanim,viewmodel_mac11_grip_d2p_in
xanim,viewmodel_mac11_grip_d2p_loop
xanim,viewmodel_mac11_grip_d2p_out
xanim,viewmodel_mac11_grip_fire
xanim,viewmodel_mac11_grip_first_raise
xanim,viewmodel_mac11_grip_idle
xanim,viewmodel_mac11_grip_pullout
xanim,viewmodel_mac11_grip_pullout_quick
xanim,viewmodel_mac11_grip_putaway
xanim,viewmodel_mac11_grip_reload
xanim,viewmodel_mac11_grip_reload_empty
xanim,viewmodel_mac11_grip_sprint_in
xanim,viewmodel_mac11_grip_sprint_loop
xanim,viewmodel_mac11_grip_sprint_out
xanim,viewmodel_mac11_sw_ads_down
xanim,viewmodel_mac11_sw_ads_fire
xanim,viewmodel_mac11_sw_ads_up
xanim,viewmodel_mac11_sw_d2p_in
xanim,viewmodel_mac11_sw_d2p_loop
xanim,viewmodel_mac11_sw_d2p_out
xanim,viewmodel_mac11_sw_fire
xanim,viewmodel_mac11_sw_idle
xanim,viewmodel_mac11_sw_pullout
xanim,viewmodel_mac11_sw_pullout_quick
xanim,viewmodel_mac11_sw_putaway
xanim,viewmodel_mac11_sw_reload
xanim,viewmodel_mac11_sw_reload_empty
xanim,viewmodel_mac11_sw_sprint_in
xanim,viewmodel_mac11_sw_sprint_loop
xanim,viewmodel_mac11_sw_sprint_out
xanim,viewmodel_makarov_dw_full_ads_down
xanim,viewmodel_makarov_dw_full_ads_up
xanim,viewmodel_makarov_dw_full_d2p_in
xanim,viewmodel_makarov_dw_full_d2p_loop
xanim,viewmodel_makarov_dw_full_d2p_out
xanim,viewmodel_makarov_dw_full_first_raise
xanim,viewmodel_makarov_dw_full_pullout
xanim,viewmodel_makarov_dw_full_putaway
xanim,viewmodel_makarov_dw_full_sprint_in
xanim,viewmodel_makarov_dw_full_sprint_loop
xanim,viewmodel_makarov_dw_full_sprint_out
xanim,viewmodel_makarov_dw_left_fire
xanim,viewmodel_makarov_dw_left_idle_loop
xanim,viewmodel_makarov_dw_left_reload
xanim,viewmodel_makarov_dw_left_reload_empty
xanim,viewmodel_makarov_dw_right_fire
xanim,viewmodel_makarov_dw_right_idle_loop
xanim,viewmodel_makarov_dw_right_reload
xanim,viewmodel_makarov_dw_right_reload_empty
xanim,viewmodel_makarov_extclip_reload
xanim,viewmodel_makarov_extclip_reload_empty
xanim,viewmodel_makarov_sw_ads_down
xanim,viewmodel_makarov_sw_ads_fire
xanim,viewmodel_makarov_sw_ads_up
xanim,viewmodel_makarov_sw_d2p_in
xanim,viewmodel_makarov_sw_d2p_loop
xanim,viewmodel_makarov_sw_d2p_out
xanim,viewmodel_makarov_sw_fire
xanim,viewmodel_makarov_sw_first_raise
xanim,viewmodel_makarov_sw_idle
xanim,viewmodel_makarov_sw_lastshot
xanim,viewmodel_makarov_sw_pullout
xanim,viewmodel_makarov_sw_putaway
xanim,viewmodel_makarov_sw_reload
xanim,viewmodel_makarov_sw_reload_empty
xanim,viewmodel_makarov_sw_sprint_loop
xanim,viewmodel_mp5_acog_ads_down
xanim,viewmodel_mp5_acog_ads_up
xanim,viewmodel_mp5_aimpoint_ads_down
xanim,viewmodel_mp5_aimpoint_ads_up
xanim,viewmodel_mp5_elbit_ads_down
xanim,viewmodel_mp5_elbit_ads_up
xanim,viewmodel_mp5_extclip_reload
xanim,viewmodel_mp5_extclip_reload_empty
xanim,viewmodel_mp5_grip_ads_down
xanim,viewmodel_mp5_grip_ads_fire
xanim,viewmodel_mp5_grip_ads_up
xanim,viewmodel_mp5_grip_d2p_in
xanim,viewmodel_mp5_grip_d2p_loop
xanim,viewmodel_mp5_grip_d2p_out
xanim,viewmodel_mp5_grip_fire
xanim,viewmodel_mp5_grip_first_raise
xanim,viewmodel_mp5_grip_idle
xanim,viewmodel_mp5_grip_pullout
xanim,viewmodel_mp5_grip_pullout_quick
xanim,viewmodel_mp5_grip_putaway
xanim,viewmodel_mp5_grip_putaway_quick
xanim,viewmodel_mp5_grip_reload
xanim,viewmodel_mp5_grip_reload_empty
xanim,viewmodel_mp5_sprint_in
xanim,viewmodel_mp5_sprint_loop
xanim,viewmodel_mp5_sprint_out
xanim,viewmodel_mpl_acog_ads_down
xanim,viewmodel_mpl_acog_ads_up
xanim,viewmodel_mpl_aimpoint_ads_down
xanim,viewmodel_mpl_aimpoint_ads_up
xanim,viewmodel_mpl_elbit_ads_down
xanim,viewmodel_mpl_elbit_ads_up
xanim,viewmodel_mpl_extclip_reload
xanim,viewmodel_mpl_extclip_reload_empty
xanim,viewmodel_mpl_extclip_reload_empty_quick
xanim,viewmodel_mpl_extclip_reload_quick
xanim,viewmodel_mpl_grip_first_raise
xanim,viewmodel_mpl_sw_ads_down
xanim,viewmodel_mpl_sw_ads_fire
xanim,viewmodel_mpl_sw_ads_up
xanim,viewmodel_mpl_sw_d2p_in
xanim,viewmodel_mpl_sw_d2p_loop
xanim,viewmodel_mpl_sw_d2p_out
xanim,viewmodel_mpl_sw_fire
xanim,viewmodel_mpl_sw_first_raise
xanim,viewmodel_mpl_sw_idle_loop
xanim,viewmodel_mpl_sw_pullout
xanim,viewmodel_mpl_sw_pullout_quick
xanim,viewmodel_mpl_sw_putaway
xanim,viewmodel_mpl_sw_reload
xanim,viewmodel_mpl_sw_reload_empty
xanim,viewmodel_mpl_sw_sprint_in
xanim,viewmodel_mpl_sw_sprint_loop
xanim,viewmodel_mpl_sw_sprint_out
xanim,viewmodel_pm63_dw_full_ads_down
xanim,viewmodel_pm63_dw_full_ads_up
xanim,viewmodel_pm63_dw_full_d2p_in
xanim,viewmodel_pm63_dw_full_d2p_loop
xanim,viewmodel_pm63_dw_full_d2p_out
xanim,viewmodel_pm63_dw_full_pull_out
xanim,viewmodel_pm63_dw_full_put_away
xanim,viewmodel_pm63_dw_full_sprint_in
xanim,viewmodel_pm63_dw_full_sprint_loop
xanim,viewmodel_pm63_dw_full_sprint_out
xanim,viewmodel_pm63_dw_left_fire
xanim,viewmodel_pm63_dw_left_idle_loop
xanim,viewmodel_pm63_dw_left_lastshot
xanim,viewmodel_pm63_dw_left_reload
xanim,viewmodel_pm63_dw_left_reload_empty
xanim,viewmodel_pm63_dw_right_fire
xanim,viewmodel_pm63_dw_right_idle_loop
xanim,viewmodel_pm63_dw_right_lastshot
xanim,viewmodel_pm63_dw_right_reload
xanim,viewmodel_pm63_dw_right_reload_empty
xanim,viewmodel_pm63_extclip_reload
xanim,viewmodel_pm63_extclip_reload_empty
xanim,viewmodel_pm63_grip_ads_down
xanim,viewmodel_pm63_grip_ads_fire
xanim,viewmodel_pm63_grip_ads_up
xanim,viewmodel_pm63_grip_d2p_in
xanim,viewmodel_pm63_grip_d2p_loop
xanim,viewmodel_pm63_grip_d2p_out
xanim,viewmodel_pm63_grip_fire
xanim,viewmodel_pm63_grip_first_raise
xanim,viewmodel_pm63_grip_idle
xanim,viewmodel_pm63_grip_last_shot
xanim,viewmodel_pm63_grip_pullout
xanim,viewmodel_pm63_grip_pullout_quick
xanim,viewmodel_pm63_grip_putaway
xanim,viewmodel_pm63_grip_putaway_quick
xanim,viewmodel_pm63_grip_reload
xanim,viewmodel_pm63_grip_reload_empty
xanim,viewmodel_pm63_grip_sprint_in
xanim,viewmodel_pm63_grip_sprint_loop
xanim,viewmodel_pm63_grip_sprint_out
xanim,viewmodel_pm63_sw_first_raise
xanim,viewmodel_psg1_acog_ads_down
xanim,viewmodel_psg1_acog_ads_up
xanim,viewmodel_psg1_ads_down
xanim,viewmodel_psg1_ads_fire
xanim,viewmodel_psg1_ads_up
xanim,viewmodel_psg1_d2p_in
xanim,viewmodel_psg1_d2p_loop
xanim,viewmodel_psg1_d2p_out
xanim,viewmodel_psg1_extclip_reload
xanim,viewmodel_psg1_extclip_reload_empty
xanim,viewmodel_psg1_fire
xanim,viewmodel_psg1_first_raise
xanim,viewmodel_psg1_idle_loop
xanim,viewmodel_psg1_ir_ads_down
xanim,viewmodel_psg1_ir_ads_up
xanim,viewmodel_psg1_pullout
xanim,viewmodel_psg1_pullout_quick
xanim,viewmodel_psg1_putaway
xanim,viewmodel_psg1_putaway_quick
xanim,viewmodel_psg1_reload
xanim,viewmodel_psg1_reload_empty
xanim,viewmodel_psg1_sprint_in
xanim,viewmodel_psg1_sprint_loop
xanim,viewmodel_psg1_sprint_out
xanim,viewmodel_psg1_vzoom_ads_down
xanim,viewmodel_psg1_vzoom_ads_up
xanim,viewmodel_python_acog_ads_down
xanim,viewmodel_python_acog_ads_up
xanim,viewmodel_python_dw_full_ads_down
xanim,viewmodel_python_dw_full_ads_up
xanim,viewmodel_python_dw_full_d2p_in
xanim,viewmodel_python_dw_full_d2p_loop
xanim,viewmodel_python_dw_full_d2p_out
xanim,viewmodel_python_dw_full_first_raise
xanim,viewmodel_python_dw_full_pullout
xanim,viewmodel_python_dw_full_putaway
xanim,viewmodel_python_dw_full_sprint_in
xanim,viewmodel_python_dw_full_sprint_loop
xanim,viewmodel_python_dw_full_sprint_out
xanim,viewmodel_python_dw_left_fire
xanim,viewmodel_python_dw_left_idle_loop
xanim,viewmodel_python_dw_left_reload
xanim,viewmodel_python_dw_right_fire
xanim,viewmodel_python_dw_right_idle_loop
xanim,viewmodel_python_dw_right_reload
xanim,viewmodel_python_manual_reload_in
xanim,viewmodel_python_manual_reload_loop
xanim,viewmodel_python_manual_reload_out
xanim,viewmodel_python_manual_reload_out2
xanim,viewmodel_python_sw_ads_down
xanim,viewmodel_python_sw_ads_fire
xanim,viewmodel_python_sw_ads_up
xanim,viewmodel_python_sw_d2p_in
xanim,viewmodel_python_sw_d2p_loop
xanim,viewmodel_python_sw_d2p_out
xanim,viewmodel_python_sw_fire
xanim,viewmodel_python_sw_first_raise
xanim,viewmodel_python_sw_idle
xanim,viewmodel_python_sw_pullout
xanim,viewmodel_python_sw_putaway
xanim,viewmodel_python_sw_reload
xanim,viewmodel_python_sw_sprint_loop
xanim,viewmodel_radio_mp_ads_down
xanim,viewmodel_radio_mp_ads_up
xanim,viewmodel_radio_mp_idle
xanim,viewmodel_radio_mp_pullout
xanim,viewmodel_radio_mp_putaway
xanim,viewmodel_rpg_ads_down
xanim,viewmodel_rpg_ads_up
xanim,viewmodel_rpg_d2p_in
xanim,viewmodel_rpg_d2p_loop
xanim,viewmodel_rpg_d2p_out
xanim,viewmodel_rpg_fire
xanim,viewmodel_rpg_idle
xanim,viewmodel_rpg_idle_empty
xanim,viewmodel_rpg_pullout
xanim,viewmodel_rpg_putaway
xanim,viewmodel_rpg_reload
xanim,viewmodel_rpg_sprint_in
xanim,viewmodel_rpg_sprint_loop
xanim,viewmodel_rpg_sprint_out
xanim,viewmodel_rpk_acog_ads_down
xanim,viewmodel_rpk_acog_ads_up
xanim,viewmodel_rpk_ads_down
xanim,viewmodel_rpk_ads_fire
xanim,viewmodel_rpk_ads_up
xanim,viewmodel_rpk_aimpoint_ads_down
xanim,viewmodel_rpk_aimpoint_ads_up
xanim,viewmodel_rpk_d2p_in
xanim,viewmodel_rpk_d2p_loop
xanim,viewmodel_rpk_d2p_out
xanim,viewmodel_rpk_dualclip_reload
xanim,viewmodel_rpk_dualclip_reload_empty
xanim,viewmodel_rpk_dualclip_reload_empty_quick
xanim,viewmodel_rpk_dualclip_reload_quick
xanim,viewmodel_rpk_elbit_ads_down
xanim,viewmodel_rpk_elbit_ads_up
xanim,viewmodel_rpk_extclip_reload
xanim,viewmodel_rpk_extclip_reload_empty
xanim,viewmodel_rpk_fire
xanim,viewmodel_rpk_first_raise
xanim,viewmodel_rpk_idle
xanim,viewmodel_rpk_ir_ads_down
xanim,viewmodel_rpk_ir_ads_up
xanim,viewmodel_rpk_mantle
xanim,viewmodel_rpk_pullout
xanim,viewmodel_rpk_pullout_quick
xanim,viewmodel_rpk_putaway
xanim,viewmodel_rpk_putaway_quick
xanim,viewmodel_rpk_reload
xanim,viewmodel_rpk_reload_empty
xanim,viewmodel_rpk_sprint_in
xanim,viewmodel_rpk_sprint_loop
xanim,viewmodel_rpk_sprint_out
xanim,viewmodel_skorpion_dw_full_ads_down
xanim,viewmodel_skorpion_dw_full_ads_up
xanim,viewmodel_skorpion_dw_full_d2p_in
xanim,viewmodel_skorpion_dw_full_d2p_loop
xanim,viewmodel_skorpion_dw_full_d2p_out
xanim,viewmodel_skorpion_dw_full_first_raise
xanim,viewmodel_skorpion_dw_full_pullout
xanim,viewmodel_skorpion_dw_full_putaway
xanim,viewmodel_skorpion_dw_full_sprint_in
xanim,viewmodel_skorpion_dw_full_sprint_loop
xanim,viewmodel_skorpion_dw_full_sprint_out
xanim,viewmodel_skorpion_dw_left_fire
xanim,viewmodel_skorpion_dw_left_idle_loop
xanim,viewmodel_skorpion_dw_left_reload
xanim,viewmodel_skorpion_dw_left_reload_empty
xanim,viewmodel_skorpion_dw_right_fire
xanim,viewmodel_skorpion_dw_right_idle_loop
xanim,viewmodel_skorpion_dw_right_reload
xanim,viewmodel_skorpion_dw_right_reload_empty
xanim,viewmodel_skorpion_extclip_reload
xanim,viewmodel_skorpion_extclip_reload_empty
xanim,viewmodel_skorpion_grip_ads_down
xanim,viewmodel_skorpion_grip_ads_fire
xanim,viewmodel_skorpion_grip_ads_up
xanim,viewmodel_skorpion_grip_d2p_in
xanim,viewmodel_skorpion_grip_d2p_loop
xanim,viewmodel_skorpion_grip_d2p_out
xanim,viewmodel_skorpion_grip_fire
xanim,viewmodel_skorpion_grip_first_raise
xanim,viewmodel_skorpion_grip_idle
xanim,viewmodel_skorpion_grip_pullout
xanim,viewmodel_skorpion_grip_putaway
xanim,viewmodel_skorpion_grip_reload
xanim,viewmodel_skorpion_grip_reload_empty
xanim,viewmodel_skorpion_grip_sprint_in
xanim,viewmodel_skorpion_grip_sprint_loop
xanim,viewmodel_skorpion_grip_sprint_out
xanim,viewmodel_skorpion_sw_ads_down
xanim,viewmodel_skorpion_sw_ads_fire
xanim,viewmodel_skorpion_sw_ads_up
xanim,viewmodel_skorpion_sw_d2p_in
xanim,viewmodel_skorpion_sw_d2p_loop
xanim,viewmodel_skorpion_sw_d2p_out
xanim,viewmodel_skorpion_sw_fire
xanim,viewmodel_skorpion_sw_first_raise
xanim,viewmodel_skorpion_sw_idle
xanim,viewmodel_skorpion_sw_pullout
xanim,viewmodel_skorpion_sw_putaway
xanim,viewmodel_skorpion_sw_reload
xanim,viewmodel_skorpion_sw_reload_empty
xanim,viewmodel_skorpion_sw_sprint_in
xanim,viewmodel_skorpion_sw_sprint_loop
xanim,viewmodel_skorpion_sw_sprint_out
xanim,viewmodel_spas12_ads_down
xanim,viewmodel_spas12_ads_fire
xanim,viewmodel_spas12_ads_up
xanim,viewmodel_spas12_d2p_in
xanim,viewmodel_spas12_d2p_loop
xanim,viewmodel_spas12_d2p_out
xanim,viewmodel_spas12_fire
xanim,viewmodel_spas12_first_raise
xanim,viewmodel_spas12_idle
xanim,viewmodel_spas12_pullout
xanim,viewmodel_spas12_pullout_quick
xanim,viewmodel_spas12_putaway
xanim,viewmodel_spas12_putaway_quick
xanim,viewmodel_spas12_reload_intro
xanim,viewmodel_spas12_reload_loop
xanim,viewmodel_spas12_reload_outro
xanim,viewmodel_spas12_sprint_in
xanim,viewmodel_spas12_sprint_loop
xanim,viewmodel_spas12_sprint_out
xanim,viewmodel_spectre_acog_ads_down
xanim,viewmodel_spectre_acog_ads_up
xanim,viewmodel_spectre_aimpoint_ads_down
xanim,viewmodel_spectre_aimpoint_ads_up
xanim,viewmodel_spectre_elbit_ads_down
xanim,viewmodel_spectre_elbit_ads_up
xanim,viewmodel_spectre_extclip_reload
xanim,viewmodel_spectre_extclip_reload_empty
xanim,viewmodel_spectre_grip_first_raise
xanim,viewmodel_spectre_sw_ads_down
xanim,viewmodel_spectre_sw_ads_fire
xanim,viewmodel_spectre_sw_ads_up
xanim,viewmodel_spectre_sw_d2p_in
xanim,viewmodel_spectre_sw_d2p_loop
xanim,viewmodel_spectre_sw_d2p_out
xanim,viewmodel_spectre_sw_fire
xanim,viewmodel_spectre_sw_first_raise
xanim,viewmodel_spectre_sw_idle
xanim,viewmodel_spectre_sw_pullout
xanim,viewmodel_spectre_sw_pullout_quick
xanim,viewmodel_spectre_sw_putaway
xanim,viewmodel_spectre_sw_putaway_quick
xanim,viewmodel_spectre_sw_reload
xanim,viewmodel_spectre_sw_reload_empty
xanim,viewmodel_spectre_sw_sprint_in
xanim,viewmodel_spectre_sw_sprint_loop
xanim,viewmodel_spectre_sw_sprint_out
xanim,viewmodel_stoner63_acog_ads_down
xanim,viewmodel_stoner63_acog_ads_up
xanim,viewmodel_stoner63_ads_down
xanim,viewmodel_stoner63_ads_fire
xanim,viewmodel_stoner63_ads_up
xanim,viewmodel_stoner63_aimpoint_ads_down
xanim,viewmodel_stoner63_aimpoint_ads_up
xanim,viewmodel_stoner63_d2p_in
xanim,viewmodel_stoner63_d2p_loop
xanim,viewmodel_stoner63_d2p_out
xanim,viewmodel_stoner63_elbit_ads_down
xanim,viewmodel_stoner63_elbit_ads_up
xanim,viewmodel_stoner63_extclip_reload
xanim,viewmodel_stoner63_extclip_reload_empty
xanim,viewmodel_stoner63_fire
xanim,viewmodel_stoner63_idle
xanim,viewmodel_stoner63_ir_ads_down
xanim,viewmodel_stoner63_ir_ads_up
xanim,viewmodel_stoner63_pullout
xanim,viewmodel_stoner63_pullout_quick
xanim,viewmodel_stoner63_putaway
xanim,viewmodel_stoner63_putaway_quick
xanim,viewmodel_stoner63_reload
xanim,viewmodel_stoner63_reload_empty
xanim,viewmodel_stoner63_sprint_in
xanim,viewmodel_stoner63_sprint_loop
xanim,viewmodel_stoner63_sprint_out
xanim,viewmodel_strela_ads_down
xanim,viewmodel_strela_ads_fire
xanim,viewmodel_strela_ads_up
xanim,viewmodel_strela_d2p_in
xanim,viewmodel_strela_d2p_loop
xanim,viewmodel_strela_d2p_out
xanim,viewmodel_strela_fire
xanim,viewmodel_strela_first_raise
xanim,viewmodel_strela_idle
xanim,viewmodel_strela_pull_out
xanim,viewmodel_strela_put_away
xanim,viewmodel_strela_put_away_fast
xanim,viewmodel_strela_reload
xanim,viewmodel_strela_sprint_in
xanim,viewmodel_strela_sprint_loop
xanim,viewmodel_strela_sprint_out
xanim,viewmodel_strela_tow_ads_down
xanim,viewmodel_strela_tow_ads_up
xanim,viewmodel_ussmokegrenade_idle
xanim,viewmodel_ussmokegrenade_pullpin
xanim,viewmodel_uzi_acog_ads_down
xanim,viewmodel_uzi_acog_ads_up
xanim,viewmodel_uzi_aimpoint_ads_down
xanim,viewmodel_uzi_aimpoint_ads_up
xanim,viewmodel_uzi_elbit_ads_down
xanim,viewmodel_uzi_elbit_ads_up
xanim,viewmodel_uzi_extclip_reload
xanim,viewmodel_uzi_extclip_reload_empty
xanim,viewmodel_uzi_grip_first_raise
xanim,viewmodel_uzi_sw_ads_down
xanim,viewmodel_uzi_sw_ads_fire
xanim,viewmodel_uzi_sw_ads_up
xanim,viewmodel_uzi_sw_d2p_in
xanim,viewmodel_uzi_sw_d2p_loop
xanim,viewmodel_uzi_sw_d2p_out
xanim,viewmodel_uzi_sw_fire
xanim,viewmodel_uzi_sw_first_raise
xanim,viewmodel_uzi_sw_idle
xanim,viewmodel_uzi_sw_pullout
xanim,viewmodel_uzi_sw_pullout_quick
xanim,viewmodel_uzi_sw_putaway
xanim,viewmodel_uzi_sw_putaway_quick
xanim,viewmodel_uzi_sw_reload
xanim,viewmodel_uzi_sw_reload_empty
xanim,viewmodel_uzi_sw_sprint_in
xanim,viewmodel_uzi_sw_sprint_loop
xanim,viewmodel_uzi_sw_sprint_out
xanim,viewmodel_wa2000_acog_ads_down
xanim,viewmodel_wa2000_acog_ads_up
xanim,viewmodel_wa2000_ads_down
xanim,viewmodel_wa2000_ads_fire
xanim,viewmodel_wa2000_ads_up
xanim,viewmodel_wa2000_d2p_in
xanim,viewmodel_wa2000_d2p_loop
xanim,viewmodel_wa2000_d2p_out
xanim,viewmodel_wa2000_extclip_reload
xanim,viewmodel_wa2000_extclip_reload_empty
xanim,viewmodel_wa2000_fire
xanim,viewmodel_wa2000_first_raise
xanim,viewmodel_wa2000_idle_loop
xanim,viewmodel_wa2000_ir_ads_down
xanim,viewmodel_wa2000_ir_ads_up
xanim,viewmodel_wa2000_pullout
xanim,viewmodel_wa2000_pullout_quick
xanim,viewmodel_wa2000_putaway
xanim,viewmodel_wa2000_putaway_quick
xanim,viewmodel_wa2000_reload
xanim,viewmodel_wa2000_reload_empty
xanim,viewmodel_wa2000_sprint_in
xanim,viewmodel_wa2000_sprint_loop
xanim,viewmodel_wa2000_sprint_out
